alphaIndex,alphaIndex,alphaIndex,alphaIndex,frameLen,setIndex,frame_number,alphaIndex,alphaIndex,alphaIndex,alphaIndex,kmeans_cluster,gmm_cluster,agglomerative_cluster
1,1,1,1,4,1,1,1,1,1,1,2,2,2
1,1,1,1,4,1,2,1,1,1,1,2,2,2
1,1,1,1,4,1,3,1,1,1,1,2,2,2
1,1,1,1,4,1,4,1,1,1,1,2,2,2
1,1,1,1,4,1,5,1,1,1,1,2,2,2
1,1,1,1,4,1,6,1,1,1,1,2,2,2
1,1,1,1,4,1,7,1,1,1,1,2,2,2
1,1,1,1,4,1,8,1,1,1,1,2,2,2
1,1,1,1,4,1,9,1,1,1,1,2,2,2
1,1,1,1,4,1,10,1,1,1,1,2,2,2
1,1,1,1,4,1,11,1,1,1,1,2,2,2
1,1,1,1,4,1,12,1,1,1,1,2,2,2
1,1,1,1,4,1,13,1,1,1,1,2,2,2
1,1,1,1,4,1,14,1,1,1,1,2,2,2
1,1,1,1,4,1,15,1,1,1,1,2,2,2
1,1,1,1,4,1,16,1,1,1,1,2,2,2
1,1,1,1,4,1,17,1,1,1,1,2,2,2
1,1,1,1,4,1,18,1,1,1,1,2,2,2
1,1,1,1,4,1,19,1,1,1,1,2,2,2
1,1,1,1,4,1,20,1,1,1,1,2,2,2
1,1,1,1,4,1,21,1,1,1,1,2,2,2
1,1,1,1,4,1,22,1,1,1,1,2,2,2
1,1,1,1,4,1,23,1,1,1,1,2,2,2
1,1,1,1,4,1,24,1,1,1,1,2,2,2
1,1,1,1,4,1,25,1,1,1,1,2,2,2
1,1,1,1,4,1,26,1,1,1,1,2,2,2
1,1,1,1,4,1,27,1,1,1,1,2,2,2
1,1,1,1,4,1,28,1,1,1,1,2,2,2
1,1,1,1,4,1,29,1,1,1,1,2,2,2
1,1,1,1,4,1,30,1,1,1,1,2,2,2
1,1,1,1,4,1,31,1,1,1,1,2,2,2
1,1,1,1,4,1,32,1,1,1,1,2,2,2
1,1,1,1,4,1,33,1,1,1,1,2,2,2
1,1,1,1,4,1,34,1,1,1,1,2,2,2
1,1,1,1,4,1,35,1,1,1,1,2,2,2
1,1,1,1,4,1,36,1,1,1,1,2,2,2
1,1,1,1,4,1,37,1,1,1,1,2,2,2
1,1,1,1,4,1,38,1,1,1,1,2,2,2
1,1,1,1,4,1,39,1,1,1,1,2,2,2
1,1,1,1,4,1,40,1,1,1,1,2,2,2
1,1,1,1,4,1,41,1,1,1,1,2,2,2
1,1,1,1,4,1,42,1,1,1,1,2,2,2
1,1,1,1,4,1,43,1,1,1,1,2,2,2
1,1,1,1,4,1,44,1,1,1,1,2,2,2
1,1,1,1,4,1,45,1,1,1,1,2,2,2
1,1,1,1,4,1,46,1,1,1,1,2,2,2
1,1,1,1,4,1,47,1,1,1,1,2,2,2
1,1,1,1,4,1,48,1,1,1,1,2,2,2
1,1,1,1,4,1,49,1,1,1,1,2,2,2
1,1,1,1,4,1,50,1,1,1,1,2,2,2
1,1,1,1,4,1,51,1,1,1,1,2,2,2
1,1,1,1,4,1,52,1,1,1,1,2,2,2
1,1,1,1,4,1,53,1,1,1,1,2,2,2
1,1,1,1,4,1,54,1,1,1,1,2,2,2
1,1,1,1,4,1,55,1,1,1,1,2,2,2
1,1,1,1,4,1,56,1,1,1,1,2,2,2
1,1,1,1,4,1,57,1,1,1,1,2,2,2
1,1,1,1,4,1,58,1,1,1,1,2,2,2
1,1,1,1,4,1,59,1,1,1,1,2,2,2
1,1,1,1,4,1,60,1,1,1,1,2,2,2
1,1,1,1,4,1,61,1,1,1,1,2,2,2
1,1,1,1,4,1,62,1,1,1,1,2,2,2
1,1,1,1,4,1,63,1,1,1,1,2,2,2
1,1,1,1,4,1,64,1,1,1,1,2,2,2
1,1,1,1,4,1,65,1,1,1,1,2,2,2
1,1,1,1,4,1,66,1,1,1,1,2,2,2
1,1,1,1,4,1,67,1,1,1,1,2,2,2
1,1,1,1,4,1,68,1,1,1,1,2,2,2
1,1,1,1,4,1,69,1,1,1,1,2,2,2
1,1,1,1,4,1,70,1,1,1,1,2,2,2
1,1,1,1,4,1,71,1,1,1,1,2,2,2
1,1,1,1,4,1,72,1,1,1,1,2,2,2
1,1,1,1,4,1,73,1,1,1,1,2,2,2
1,1,1,1,4,1,74,1,1,1,1,2,2,2
1,1,1,1,4,1,75,1,1,1,1,2,2,2
1,1,1,1,4,1,76,1,1,1,1,2,2,2
1,1,1,1,4,1,77,1,1,1,1,2,2,2
1,1,1,1,4,1,78,1,1,1,1,2,2,2
1,1,1,1,4,1,79,1,1,1,1,2,2,2
1,1,1,1,4,1,80,1,1,1,1,2,2,2
1,1,1,1,4,1,81,1,1,1,1,2,2,2
1,1,1,1,4,1,82,1,1,1,1,2,2,2
1,1,1,1,4,1,83,1,1,1,1,2,2,2
1,1,1,1,4,1,84,1,1,1,1,2,2,2
1,1,1,1,4,1,85,1,1,1,1,2,2,2
1,1,1,1,4,1,86,1,1,1,1,2,2,2
1,1,1,1,4,1,87,1,1,1,1,2,2,2
1,1,1,1,4,1,88,1,1,1,1,2,2,2
1,1,1,1,4,1,89,1,1,1,1,2,2,2
1,1,1,1,4,1,90,1,1,1,1,2,2,2
1,1,1,1,4,1,91,1,1,1,1,2,2,2
1,1,1,1,4,1,92,1,1,1,1,2,2,2
1,1,1,1,4,1,93,1,1,1,1,2,2,2
1,1,1,1,4,1,94,1,1,1,1,2,2,2
1,1,1,1,4,1,95,1,1,1,1,2,2,2
1,1,1,1,4,1,96,1,1,1,1,2,2,2
1,1,1,1,4,1,97,1,1,1,1,2,2,2
1,1,1,1,4,1,98,1,1,1,1,2,2,2
1,1,1,1,4,1,99,1,1,1,1,2,2,2
1,1,1,1,4,1,100,1,1,1,1,2,2,2
2,2,2,2,4,1,1,2,2,2,2,2,2,2
2,2,2,2,4,1,2,2,2,2,2,2,2,2
2,2,2,2,4,1,3,2,2,2,2,2,2,2
2,2,2,2,4,1,4,2,2,2,2,2,2,2
2,2,2,2,4,1,5,2,2,2,2,2,2,2
2,2,2,2,4,1,6,2,2,2,2,2,2,2
2,2,2,2,4,1,7,2,2,2,2,2,2,2
2,2,2,2,4,1,8,2,2,2,2,2,2,2
2,2,2,2,4,1,9,2,2,2,2,2,2,2
2,2,2,2,4,1,10,2,2,2,2,2,2,2
2,2,2,2,4,1,11,2,2,2,2,2,2,2
2,2,2,2,4,1,12,2,2,2,2,2,2,2
2,2,2,2,4,1,13,2,2,2,2,2,2,2
2,2,2,2,4,1,14,2,2,2,2,2,2,2
2,2,2,2,4,1,15,2,2,2,2,2,2,2
2,2,2,2,4,1,16,2,2,2,2,2,2,2
2,2,2,2,4,1,17,2,2,2,2,2,2,2
2,2,2,2,4,1,18,2,2,2,2,2,2,2
2,2,2,2,4,1,19,2,2,2,2,2,2,2
2,2,2,2,4,1,20,2,2,2,2,2,2,2
2,2,2,2,4,1,21,2,2,2,2,2,2,2
2,2,2,2,4,1,22,2,2,2,2,2,2,2
2,2,2,2,4,1,23,2,2,2,2,2,2,2
2,2,2,2,4,1,24,2,2,2,2,2,2,2
2,2,2,2,4,1,25,2,2,2,2,2,2,2
2,2,2,2,4,1,26,2,2,2,2,2,2,2
2,2,2,2,4,1,27,2,2,2,2,2,2,2
2,2,2,2,4,1,28,2,2,2,2,2,2,2
2,2,2,2,4,1,29,2,2,2,2,2,2,2
2,2,2,2,4,1,30,2,2,2,2,2,2,2
2,2,2,2,4,1,31,2,2,2,2,2,2,2
2,2,2,2,4,1,32,2,2,2,2,2,2,2
2,2,2,2,4,1,33,2,2,2,2,2,2,2
2,2,2,2,4,1,34,2,2,2,2,2,2,2
2,2,2,2,4,1,35,2,2,2,2,2,2,2
2,2,2,2,4,1,36,2,2,2,2,2,2,2
2,2,2,2,4,1,37,2,2,2,2,2,2,2
2,2,2,2,4,1,38,2,2,2,2,2,2,2
2,2,2,2,4,1,39,2,2,2,2,2,2,2
2,2,2,2,4,1,40,2,2,2,2,2,2,2
2,2,2,2,4,1,41,2,2,2,2,2,2,2
2,2,2,2,4,1,42,2,2,2,2,2,2,2
2,2,2,2,4,1,43,2,2,2,2,2,2,2
2,2,2,2,4,1,44,2,2,2,2,2,2,2
2,2,2,2,4,1,45,2,2,2,2,2,2,2
2,2,2,2,4,1,46,2,2,2,2,2,2,2
2,2,2,2,4,1,47,2,2,2,2,2,2,2
2,2,2,2,4,1,48,2,2,2,2,2,2,2
2,2,2,2,4,1,49,2,2,2,2,2,2,2
2,2,2,2,4,1,50,2,2,2,2,2,2,2
2,2,2,2,4,1,51,2,2,2,2,2,2,2
2,2,2,2,4,1,52,2,2,2,2,2,2,2
2,2,2,2,4,1,53,2,2,2,2,2,2,2
2,2,2,2,4,1,54,2,2,2,2,2,2,2
2,2,2,2,4,1,55,2,2,2,2,2,2,2
2,2,2,2,4,1,56,2,2,2,2,2,2,2
2,2,2,2,4,1,57,2,2,2,2,2,2,2
2,2,2,2,4,1,58,2,2,2,2,2,2,2
2,2,2,2,4,1,59,2,2,2,2,2,2,2
2,2,2,2,4,1,60,2,2,2,2,2,2,2
2,2,2,2,4,1,61,2,2,2,2,2,2,2
2,2,2,2,4,1,62,2,2,2,2,2,2,2
2,2,2,2,4,1,63,2,2,2,2,2,2,2
2,2,2,2,4,1,64,2,2,2,2,2,2,2
2,2,2,2,4,1,65,2,2,2,2,2,2,2
2,2,2,2,4,1,66,2,2,2,2,2,2,2
2,2,2,2,4,1,67,2,2,2,2,2,2,2
2,2,2,2,4,1,68,2,2,2,2,2,2,2
2,2,2,2,4,1,69,2,2,2,2,2,2,2
2,2,2,2,4,1,70,2,2,2,2,2,2,2
2,2,2,2,4,1,71,2,2,2,2,2,2,2
2,2,2,2,4,1,72,2,2,2,2,2,2,2
2,2,2,2,4,1,73,2,2,2,2,2,2,2
2,2,2,2,4,1,74,2,2,2,2,2,2,2
2,2,2,2,4,1,75,2,2,2,2,2,2,2
2,2,2,2,4,1,76,2,2,2,2,2,2,2
2,2,2,2,4,1,77,2,2,2,2,2,2,2
2,2,2,2,4,1,78,2,2,2,2,2,2,2
2,2,2,2,4,1,79,2,2,2,2,2,2,2
2,2,2,2,4,1,80,2,2,2,2,2,2,2
2,2,2,2,4,1,81,2,2,2,2,2,2,2
2,2,2,2,4,1,82,2,2,2,2,2,2,2
2,2,2,2,4,1,83,2,2,2,2,2,2,2
2,2,2,2,4,1,84,2,2,2,2,2,2,2
2,2,2,2,4,1,85,2,2,2,2,2,2,2
2,2,2,2,4,1,86,2,2,2,2,2,2,2
2,2,2,2,4,1,87,2,2,2,2,2,2,2
2,2,2,2,4,1,88,2,2,2,2,2,2,2
2,2,2,2,4,1,89,2,2,2,2,2,2,2
2,2,2,2,4,1,90,2,2,2,2,2,2,2
2,2,2,2,4,1,91,2,2,2,2,2,2,2
2,2,2,2,4,1,92,2,2,2,2,2,2,2
2,2,2,2,4,1,93,2,2,2,2,2,2,2
2,2,2,2,4,1,94,2,2,2,2,2,2,2
2,2,2,2,4,1,95,2,2,2,2,2,2,2
2,2,2,2,4,1,96,2,2,2,2,2,2,2
2,2,2,2,4,1,97,2,2,2,2,2,2,2
2,2,2,2,4,1,98,2,2,2,2,2,2,2
2,2,2,2,4,1,99,2,2,2,2,2,2,2
2,2,2,2,4,1,100,2,2,2,2,2,2,2
3,3,3,3,4,1,1,3,3,3,3,2,2,2
3,3,3,3,4,1,2,3,3,3,3,2,2,2
3,3,3,3,4,1,3,3,3,3,3,2,2,2
3,3,3,3,4,1,4,3,3,3,3,2,2,2
3,3,3,3,4,1,5,3,3,3,3,2,2,2
3,3,3,3,4,1,6,3,3,3,3,2,2,2
3,3,3,3,4,1,7,3,3,3,3,2,2,2
3,3,3,3,4,1,8,3,3,3,3,2,2,2
3,3,3,3,4,1,9,3,3,3,3,2,2,2
3,3,3,3,4,1,10,3,3,3,3,2,2,2
3,3,3,3,4,1,11,3,3,3,3,2,2,2
3,3,3,3,4,1,12,3,3,3,3,2,2,2
3,3,3,3,4,1,13,3,3,3,3,2,2,2
3,3,3,3,4,1,14,3,3,3,3,2,2,2
3,3,3,3,4,1,15,3,3,3,3,2,2,2
3,3,3,3,4,1,16,3,3,3,3,2,2,2
3,3,3,3,4,1,17,3,3,3,3,2,2,2
3,3,3,3,4,1,18,3,3,3,3,2,2,2
3,3,3,3,4,1,19,3,3,3,3,2,2,2
3,3,3,3,4,1,20,3,3,3,3,2,2,2
3,3,3,3,4,1,21,3,3,3,3,2,2,2
3,3,3,3,4,1,22,3,3,3,3,2,2,2
3,3,3,3,4,1,23,3,3,3,3,2,2,2
3,3,3,3,4,1,24,3,3,3,3,2,2,2
3,3,3,3,4,1,25,3,3,3,3,2,2,2
3,3,3,3,4,1,26,3,3,3,3,2,2,2
3,3,3,3,4,1,27,3,3,3,3,2,2,2
3,3,3,3,4,1,28,3,3,3,3,2,2,2
3,3,3,3,4,1,29,3,3,3,3,2,2,2
3,3,3,3,4,1,30,3,3,3,3,2,2,2
3,3,3,3,4,1,31,3,3,3,3,2,2,2
3,3,3,3,4,1,32,3,3,3,3,2,2,2
3,3,3,3,4,1,33,3,3,3,3,2,2,2
3,3,3,3,4,1,34,3,3,3,3,2,2,2
3,3,3,3,4,1,35,3,3,3,3,2,2,2
3,3,3,3,4,1,36,3,3,3,3,2,2,2
3,3,3,3,4,1,37,3,3,3,3,2,2,2
3,3,3,3,4,1,38,3,3,3,3,2,2,2
3,3,3,3,4,1,39,3,3,3,3,2,2,2
3,3,3,3,4,1,40,3,3,3,3,2,2,2
3,3,3,3,4,1,41,3,3,3,3,2,2,2
3,3,3,3,4,1,42,3,3,3,3,2,2,2
3,3,3,3,4,1,43,3,3,3,3,2,2,2
3,3,3,3,4,1,44,3,3,3,3,2,2,2
3,3,3,3,4,1,45,3,3,3,3,2,2,2
3,3,3,3,4,1,46,3,3,3,3,2,2,2
3,3,3,3,4,1,47,3,3,3,3,2,2,2
3,3,3,3,4,1,48,3,3,3,3,2,2,2
3,3,3,3,4,1,49,3,3,3,3,2,2,2
3,3,3,3,4,1,50,3,3,3,3,2,2,2
3,3,3,3,4,1,51,3,3,3,3,2,2,2
3,3,3,3,4,1,52,3,3,3,3,2,2,2
3,3,3,3,4,1,53,3,3,3,3,2,2,2
3,3,3,3,4,1,54,3,3,3,3,2,2,2
3,3,3,3,4,1,55,3,3,3,3,2,2,2
3,3,3,3,4,1,56,3,3,3,3,2,2,2
3,3,3,3,4,1,57,3,3,3,3,2,2,2
3,3,3,3,4,1,58,3,3,3,3,2,2,2
3,3,3,3,4,1,59,3,3,3,3,2,2,2
3,3,3,3,4,1,60,3,3,3,3,2,2,2
3,3,3,3,4,1,61,3,3,3,3,2,2,2
3,3,3,3,4,1,62,3,3,3,3,2,2,2
3,3,3,3,4,1,63,3,3,3,3,2,2,2
3,3,3,3,4,1,64,3,3,3,3,2,2,2
3,3,3,3,4,1,65,3,3,3,3,2,2,2
3,3,3,3,4,1,66,3,3,3,3,2,2,2
3,3,3,3,4,1,67,3,3,3,3,2,2,2
3,3,3,3,4,1,68,3,3,3,3,2,2,2
3,3,3,3,4,1,69,3,3,3,3,2,2,2
3,3,3,3,4,1,70,3,3,3,3,2,2,2
3,3,3,3,4,1,71,3,3,3,3,2,2,2
3,3,3,3,4,1,72,3,3,3,3,2,2,2
3,3,3,3,4,1,73,3,3,3,3,2,2,2
3,3,3,3,4,1,74,3,3,3,3,2,2,2
3,3,3,3,4,1,75,3,3,3,3,2,2,2
3,3,3,3,4,1,76,3,3,3,3,2,2,2
3,3,3,3,4,1,77,3,3,3,3,2,2,2
3,3,3,3,4,1,78,3,3,3,3,2,2,2
3,3,3,3,4,1,79,3,3,3,3,2,2,2
3,3,3,3,4,1,80,3,3,3,3,2,2,2
3,3,3,3,4,1,81,3,3,3,3,2,2,2
3,3,3,3,4,1,82,3,3,3,3,2,2,2
3,3,3,3,4,1,83,3,3,3,3,2,2,2
3,3,3,3,4,1,84,3,3,3,3,2,2,2
3,3,3,3,4,1,85,3,3,3,3,2,2,2
3,3,3,3,4,1,86,3,3,3,3,2,2,2
3,3,3,3,4,1,87,3,3,3,3,2,2,2
3,3,3,3,4,1,88,3,3,3,3,2,2,2
3,3,3,3,4,1,89,3,3,3,3,2,2,2
3,3,3,3,4,1,90,3,3,3,3,2,2,2
3,3,3,3,4,1,91,3,3,3,3,2,2,2
3,3,3,3,4,1,92,3,3,3,3,2,2,2
3,3,3,3,4,1,93,3,3,3,3,2,2,2
3,3,3,3,4,1,94,3,3,3,3,2,2,2
3,3,3,3,4,1,95,3,3,3,3,2,2,2
3,3,3,3,4,1,96,3,3,3,3,2,2,2
3,3,3,3,4,1,97,3,3,3,3,2,2,2
3,3,3,3,4,1,98,3,3,3,3,2,2,2
3,3,3,3,4,1,99,3,3,3,3,2,2,2
3,3,3,3,4,1,100,3,3,3,3,2,2,2
4,4,4,4,4,1,1,4,4,4,4,2,2,2
4,4,4,4,4,1,2,4,4,4,4,2,2,2
4,4,4,4,4,1,3,4,4,4,4,2,2,2
4,4,4,4,4,1,4,4,4,4,4,2,2,2
4,4,4,4,4,1,5,4,4,4,4,2,2,2
4,4,4,4,4,1,6,4,4,4,4,2,2,2
4,4,4,4,4,1,7,4,4,4,4,2,2,2
4,4,4,4,4,1,8,4,4,4,4,2,2,2
4,4,4,4,4,1,9,4,4,4,4,2,2,2
4,4,4,4,4,1,10,4,4,4,4,2,2,2
4,4,4,4,4,1,11,4,4,4,4,2,2,2
4,4,4,4,4,1,12,4,4,4,4,2,2,2
4,4,4,4,4,1,13,4,4,4,4,2,2,2
4,4,4,4,4,1,14,4,4,4,4,2,2,2
4,4,4,4,4,1,15,4,4,4,4,2,2,2
4,4,4,4,4,1,16,4,4,4,4,2,2,2
4,4,4,4,4,1,17,4,4,4,4,2,2,2
4,4,4,4,4,1,18,4,4,4,4,2,2,2
4,4,4,4,4,1,19,4,4,4,4,2,2,2
4,4,4,4,4,1,20,4,4,4,4,2,2,2
4,4,4,4,4,1,21,4,4,4,4,2,2,2
4,4,4,4,4,1,22,4,4,4,4,2,2,2
4,4,4,4,4,1,23,4,4,4,4,2,2,2
4,4,4,4,4,1,24,4,4,4,4,2,2,2
4,4,4,4,4,1,25,4,4,4,4,2,2,2
4,4,4,4,4,1,26,4,4,4,4,2,2,2
4,4,4,4,4,1,27,4,4,4,4,2,2,2
4,4,4,4,4,1,28,4,4,4,4,2,2,2
4,4,4,4,4,1,29,4,4,4,4,2,2,2
4,4,4,4,4,1,30,4,4,4,4,2,2,2
4,4,4,4,4,1,31,4,4,4,4,2,2,2
4,4,4,4,4,1,32,4,4,4,4,2,2,2
4,4,4,4,4,1,33,4,4,4,4,2,2,2
4,4,4,4,4,1,34,4,4,4,4,2,2,2
4,4,4,4,4,1,35,4,4,4,4,2,2,2
4,4,4,4,4,1,36,4,4,4,4,2,2,2
4,4,4,4,4,1,37,4,4,4,4,2,2,2
4,4,4,4,4,1,38,4,4,4,4,2,2,2
4,4,4,4,4,1,39,4,4,4,4,2,2,2
4,4,4,4,4,1,40,4,4,4,4,2,2,2
4,4,4,4,4,1,41,4,4,4,4,2,2,2
4,4,4,4,4,1,42,4,4,4,4,2,2,2
4,4,4,4,4,1,43,4,4,4,4,2,2,2
4,4,4,4,4,1,44,4,4,4,4,2,2,2
4,4,4,4,4,1,45,4,4,4,4,2,2,2
4,4,4,4,4,1,46,4,4,4,4,2,2,2
4,4,4,4,4,1,47,4,4,4,4,2,2,2
4,4,4,4,4,1,48,4,4,4,4,2,2,2
4,4,4,4,4,1,49,4,4,4,4,2,2,2
4,4,4,4,4,1,50,4,4,4,4,2,2,2
4,4,4,4,4,1,51,4,4,4,4,2,2,2
4,4,4,4,4,1,52,4,4,4,4,2,2,2
4,4,4,4,4,1,53,4,4,4,4,2,2,2
4,4,4,4,4,1,54,4,4,4,4,2,2,2
4,4,4,4,4,1,55,4,4,4,4,2,2,2
4,4,4,4,4,1,56,4,4,4,4,2,2,2
4,4,4,4,4,1,57,4,4,4,4,2,2,2
4,4,4,4,4,1,58,4,4,4,4,2,2,2
4,4,4,4,4,1,59,4,4,4,4,2,2,2
4,4,4,4,4,1,60,4,4,4,4,2,2,2
4,4,4,4,4,1,61,4,4,4,4,2,2,2
4,4,4,4,4,1,62,4,4,4,4,2,2,2
4,4,4,4,4,1,63,4,4,4,4,2,2,2
4,4,4,4,4,1,64,4,4,4,4,2,2,2
4,4,4,4,4,1,65,4,4,4,4,2,2,2
4,4,4,4,4,1,66,4,4,4,4,2,2,2
4,4,4,4,4,1,67,4,4,4,4,2,2,2
4,4,4,4,4,1,68,4,4,4,4,2,2,2
4,4,4,4,4,1,69,4,4,4,4,2,2,2
4,4,4,4,4,1,70,4,4,4,4,2,2,2
4,4,4,4,4,1,71,4,4,4,4,2,2,2
4,4,4,4,4,1,72,4,4,4,4,2,2,2
4,4,4,4,4,1,73,4,4,4,4,2,2,2
4,4,4,4,4,1,74,4,4,4,4,2,2,2
4,4,4,4,4,1,75,4,4,4,4,2,2,2
4,4,4,4,4,1,76,4,4,4,4,2,2,2
4,4,4,4,4,1,77,4,4,4,4,2,2,2
4,4,4,4,4,1,78,4,4,4,4,2,2,2
4,4,4,4,4,1,79,4,4,4,4,2,2,2
4,4,4,4,4,1,80,4,4,4,4,2,2,2
4,4,4,4,4,1,81,4,4,4,4,2,2,2
4,4,4,4,4,1,82,4,4,4,4,2,2,2
4,4,4,4,4,1,83,4,4,4,4,2,2,2
4,4,4,4,4,1,84,4,4,4,4,2,2,2
4,4,4,4,4,1,85,4,4,4,4,2,2,2
4,4,4,4,4,1,86,4,4,4,4,2,2,2
4,4,4,4,4,1,87,4,4,4,4,2,2,2
4,4,4,4,4,1,88,4,4,4,4,2,2,2
4,4,4,4,4,1,89,4,4,4,4,2,2,2
4,4,4,4,4,1,90,4,4,4,4,2,2,2
4,4,4,4,4,1,91,4,4,4,4,2,2,2
4,4,4,4,4,1,92,4,4,4,4,2,2,2
4,4,4,4,4,1,93,4,4,4,4,2,2,2
4,4,4,4,4,1,94,4,4,4,4,2,2,2
4,4,4,4,4,1,95,4,4,4,4,2,2,2
4,4,4,4,4,1,96,4,4,4,4,2,2,2
4,4,4,4,4,1,97,4,4,4,4,2,2,2
4,4,4,4,4,1,98,4,4,4,4,2,2,2
4,4,4,4,4,1,99,4,4,4,4,2,2,2
4,4,4,4,4,1,100,4,4,4,4,2,2,2
5,5,5,5,4,1,1,5,5,5,5,2,2,2
5,5,5,5,4,1,2,5,5,5,5,2,2,2
5,5,5,5,4,1,3,5,5,5,5,2,2,2
5,5,5,5,4,1,4,5,5,5,5,2,2,2
5,5,5,5,4,1,5,5,5,5,5,2,2,2
5,5,5,5,4,1,6,5,5,5,5,2,2,2
5,5,5,5,4,1,7,5,5,5,5,2,2,2
5,5,5,5,4,1,8,5,5,5,5,2,2,2
5,5,5,5,4,1,9,5,5,5,5,2,2,2
5,5,5,5,4,1,10,5,5,5,5,2,2,2
5,5,5,5,4,1,11,5,5,5,5,2,2,2
5,5,5,5,4,1,12,5,5,5,5,2,2,2
5,5,5,5,4,1,13,5,5,5,5,2,2,2
5,5,5,5,4,1,14,5,5,5,5,2,2,2
5,5,5,5,4,1,15,5,5,5,5,2,2,2
5,5,5,5,4,1,16,5,5,5,5,2,2,2
5,5,5,5,4,1,17,5,5,5,5,2,2,2
5,5,5,5,4,1,18,5,5,5,5,2,2,2
5,5,5,5,4,1,19,5,5,5,5,2,2,2
5,5,5,5,4,1,20,5,5,5,5,2,2,2
5,5,5,5,4,1,21,5,5,5,5,2,2,2
5,5,5,5,4,1,22,5,5,5,5,2,2,2
5,5,5,5,4,1,23,5,5,5,5,2,2,2
5,5,5,5,4,1,24,5,5,5,5,2,2,2
5,5,5,5,4,1,25,5,5,5,5,2,2,2
5,5,5,5,4,1,26,5,5,5,5,2,2,2
5,5,5,5,4,1,27,5,5,5,5,2,2,2
5,5,5,5,4,1,28,5,5,5,5,2,2,2
5,5,5,5,4,1,29,5,5,5,5,2,2,2
5,5,5,5,4,1,30,5,5,5,5,2,2,2
5,5,5,5,4,1,31,5,5,5,5,2,2,2
5,5,5,5,4,1,32,5,5,5,5,2,2,2
5,5,5,5,4,1,33,5,5,5,5,2,2,2
5,5,5,5,4,1,34,5,5,5,5,2,2,2
5,5,5,5,4,1,35,5,5,5,5,2,2,2
5,5,5,5,4,1,36,5,5,5,5,2,2,2
5,5,5,5,4,1,37,5,5,5,5,2,2,2
5,5,5,5,4,1,38,5,5,5,5,2,2,2
5,5,5,5,4,1,39,5,5,5,5,2,2,2
5,5,5,5,4,1,40,5,5,5,5,2,2,2
5,5,5,5,4,1,41,5,5,5,5,2,2,2
5,5,5,5,4,1,42,5,5,5,5,2,2,2
5,5,5,5,4,1,43,5,5,5,5,2,2,2
5,5,5,5,4,1,44,5,5,5,5,2,2,2
5,5,5,5,4,1,45,5,5,5,5,2,2,2
5,5,5,5,4,1,46,5,5,5,5,2,2,2
5,5,5,5,4,1,47,5,5,5,5,2,2,2
5,5,5,5,4,1,48,5,5,5,5,2,2,2
5,5,5,5,4,1,49,5,5,5,5,2,2,2
5,5,5,5,4,1,50,5,5,5,5,2,2,2
5,5,5,5,4,1,51,5,5,5,5,2,2,2
5,5,5,5,4,1,52,5,5,5,5,2,2,2
5,5,5,5,4,1,53,5,5,5,5,2,2,2
5,5,5,5,4,1,54,5,5,5,5,2,2,2
5,5,5,5,4,1,55,5,5,5,5,2,2,2
5,5,5,5,4,1,56,5,5,5,5,2,2,2
5,5,5,5,4,1,57,5,5,5,5,2,2,2
5,5,5,5,4,1,58,5,5,5,5,2,2,2
5,5,5,5,4,1,59,5,5,5,5,2,2,2
5,5,5,5,4,1,60,5,5,5,5,2,2,2
5,5,5,5,4,1,61,5,5,5,5,2,2,2
5,5,5,5,4,1,62,5,5,5,5,2,2,2
5,5,5,5,4,1,63,5,5,5,5,2,2,2
5,5,5,5,4,1,64,5,5,5,5,0,2,2
5,5,5,5,4,1,65,5,5,5,5,2,2,2
5,5,5,5,4,1,66,5,5,5,5,2,2,2
5,5,5,5,4,1,67,5,5,5,5,2,2,2
5,5,5,5,4,1,68,5,5,5,5,2,2,2
5,5,5,5,4,1,69,5,5,5,5,2,2,2
5,5,5,5,4,1,70,5,5,5,5,2,2,2
5,5,5,5,4,1,71,5,5,5,5,2,2,2
5,5,5,5,4,1,72,5,5,5,5,2,2,2
5,5,5,5,4,1,73,5,5,5,5,2,2,2
5,5,5,5,4,1,74,5,5,5,5,2,2,2
5,5,5,5,4,1,75,5,5,5,5,2,2,2
5,5,5,5,4,1,76,5,5,5,5,2,2,2
5,5,5,5,4,1,77,5,5,5,5,2,2,2
5,5,5,5,4,1,78,5,5,5,5,2,2,2
5,5,5,5,4,1,79,5,5,5,5,2,2,2
5,5,5,5,4,1,80,5,5,5,5,2,2,2
5,5,5,5,4,1,81,5,5,5,5,2,2,2
5,5,5,5,4,1,82,5,5,5,5,2,2,2
5,5,5,5,4,1,83,5,5,5,5,2,2,2
5,5,5,5,4,1,84,5,5,5,5,2,2,2
5,5,5,5,4,1,85,5,5,5,5,2,2,2
5,5,5,5,4,1,86,5,5,5,5,2,2,2
5,5,5,5,4,1,87,5,5,5,5,2,2,2
5,5,5,5,4,1,88,5,5,5,5,2,2,2
5,5,5,5,4,1,89,5,5,5,5,2,2,2
5,5,5,5,4,1,90,5,5,5,5,2,2,2
5,5,5,5,4,1,91,5,5,5,5,2,2,2
5,5,5,5,4,1,92,5,5,5,5,2,2,2
5,5,5,5,4,1,93,5,5,5,5,2,2,2
5,5,5,5,4,1,94,5,5,5,5,2,2,2
5,5,5,5,4,1,95,5,5,5,5,2,2,2
5,5,5,5,4,1,96,5,5,5,5,2,2,2
5,5,5,5,4,1,97,5,5,5,5,2,2,2
5,5,5,5,4,1,98,5,5,5,5,2,2,2
5,5,5,5,4,1,99,5,5,5,5,2,2,2
5,5,5,5,4,1,100,5,5,5,5,2,2,2
6,6,6,6,4,1,1,6,6,6,6,2,2,2
6,6,6,6,4,1,2,6,6,6,6,2,2,2
6,6,6,6,4,1,3,6,6,6,6,2,2,2
6,6,6,6,4,1,4,6,6,6,6,2,2,2
6,6,6,6,4,1,5,6,6,6,6,2,2,2
6,6,6,6,4,1,6,6,6,6,6,2,2,2
6,6,6,6,4,1,7,6,6,6,6,2,2,2
6,6,6,6,4,1,8,6,6,6,6,2,2,2
6,6,6,6,4,1,9,6,6,6,6,2,2,2
6,6,6,6,4,1,10,6,6,6,6,2,2,0
6,6,6,6,4,1,11,6,6,6,6,2,2,2
6,6,6,6,4,1,12,6,6,6,6,2,2,2
6,6,6,6,4,1,13,6,6,6,6,2,2,2
6,6,6,6,4,1,14,6,6,6,6,2,2,2
6,6,6,6,4,1,15,6,6,6,6,2,2,2
6,6,6,6,4,1,16,6,6,6,6,2,2,2
6,6,6,6,4,1,17,6,6,6,6,2,2,2
6,6,6,6,4,1,18,6,6,6,6,2,2,2
6,6,6,6,4,1,19,6,6,6,6,2,2,2
6,6,6,6,4,1,20,6,6,6,6,2,2,2
6,6,6,6,4,1,21,6,6,6,6,2,2,2
6,6,6,6,4,1,22,6,6,6,6,2,2,2
6,6,6,6,4,1,23,6,6,6,6,2,2,2
6,6,6,6,4,1,24,6,6,6,6,2,2,2
6,6,6,6,4,1,25,6,6,6,6,2,2,2
6,6,6,6,4,1,26,6,6,6,6,2,2,2
6,6,6,6,4,1,27,6,6,6,6,2,2,2
6,6,6,6,4,1,28,6,6,6,6,2,2,2
6,6,6,6,4,1,29,6,6,6,6,2,2,2
6,6,6,6,4,1,30,6,6,6,6,2,2,2
6,6,6,6,4,1,31,6,6,6,6,2,2,2
6,6,6,6,4,1,32,6,6,6,6,2,2,2
6,6,6,6,4,1,33,6,6,6,6,2,2,2
6,6,6,6,4,1,34,6,6,6,6,2,2,2
6,6,6,6,4,1,35,6,6,6,6,2,2,2
6,6,6,6,4,1,36,6,6,6,6,2,2,2
6,6,6,6,4,1,37,6,6,6,6,2,2,2
6,6,6,6,4,1,38,6,6,6,6,0,2,2
6,6,6,6,4,1,39,6,6,6,6,2,2,2
6,6,6,6,4,1,40,6,6,6,6,2,2,2
6,6,6,6,4,1,41,6,6,6,6,2,2,2
6,6,6,6,4,1,42,6,6,6,6,2,2,2
6,6,6,6,4,1,43,6,6,6,6,2,2,2
6,6,6,6,4,1,44,6,6,6,6,2,2,2
6,6,6,6,4,1,45,6,6,6,6,2,2,2
6,6,6,6,4,1,46,6,6,6,6,2,2,2
6,6,6,6,4,1,47,6,6,6,6,2,2,2
6,6,6,6,4,1,48,6,6,6,6,2,2,2
6,6,6,6,4,1,49,6,6,6,6,2,2,2
6,6,6,6,4,1,50,6,6,6,6,2,2,2
6,6,6,6,4,1,51,6,6,6,6,2,2,2
6,6,6,6,4,1,52,6,6,6,6,2,2,2
6,6,6,6,4,1,53,6,6,6,6,2,2,2
6,6,6,6,4,1,54,6,6,6,6,2,2,2
6,6,6,6,4,1,55,6,6,6,6,2,2,2
6,6,6,6,4,1,56,6,6,6,6,2,2,2
6,6,6,6,4,1,57,6,6,6,6,0,2,2
6,6,6,6,4,1,58,6,6,6,6,2,2,2
6,6,6,6,4,1,59,6,6,6,6,2,2,2
6,6,6,6,4,1,60,6,6,6,6,2,2,2
6,6,6,6,4,1,61,6,6,6,6,2,2,2
6,6,6,6,4,1,62,6,6,6,6,2,2,2
6,6,6,6,4,1,63,6,6,6,6,2,2,2
6,6,6,6,4,1,64,6,6,6,6,2,2,2
6,6,6,6,4,1,65,6,6,6,6,2,2,2
6,6,6,6,4,1,66,6,6,6,6,2,2,2
6,6,6,6,4,1,67,6,6,6,6,2,2,2
6,6,6,6,4,1,68,6,6,6,6,2,2,2
6,6,6,6,4,1,69,6,6,6,6,2,2,2
6,6,6,6,4,1,70,6,6,6,6,2,2,2
6,6,6,6,4,1,71,6,6,6,6,2,2,2
6,6,6,6,4,1,72,6,6,6,6,2,2,2
6,6,6,6,4,1,73,6,6,6,6,2,2,2
6,6,6,6,4,1,74,6,6,6,6,2,2,2
6,6,6,6,4,1,75,6,6,6,6,2,2,2
6,6,6,6,4,1,76,6,6,6,6,2,2,2
6,6,6,6,4,1,77,6,6,6,6,2,2,2
6,6,6,6,4,1,78,6,6,6,6,2,2,2
6,6,6,6,4,1,79,6,6,6,6,2,2,2
6,6,6,6,4,1,80,6,6,6,6,2,2,2
6,6,6,6,4,1,81,6,6,6,6,2,2,2
6,6,6,6,4,1,82,6,6,6,6,2,2,2
6,6,6,6,4,1,83,6,6,6,6,2,2,2
6,6,6,6,4,1,84,6,6,6,6,2,2,2
6,6,6,6,4,1,85,6,6,6,6,2,2,2
6,6,6,6,4,1,86,6,6,6,6,2,2,2
6,6,6,6,4,1,87,6,6,6,6,2,2,2
6,6,6,6,4,1,88,6,6,6,6,2,2,2
6,6,6,6,4,1,89,6,6,6,6,2,2,2
6,6,6,6,4,1,90,6,6,6,6,2,2,2
6,6,6,6,4,1,91,6,6,6,6,2,0,2
6,6,6,6,4,1,92,6,6,6,6,2,2,2
6,6,6,6,4,1,93,6,6,6,6,2,2,2
6,6,6,6,4,1,94,6,6,6,6,0,2,0
6,6,6,6,4,1,95,6,6,6,6,2,2,2
6,6,6,6,4,1,96,6,6,6,6,2,2,2
6,6,6,6,4,1,97,6,6,6,6,2,2,2
6,6,6,6,4,1,98,6,6,6,6,2,2,2
6,6,6,6,4,1,99,6,6,6,6,2,2,2
6,6,6,6,4,1,100,6,6,6,6,2,2,2
7,7,7,7,4,1,1,7,7,7,7,0,2,0
7,7,7,7,4,1,2,7,7,7,7,2,2,2
7,7,7,7,4,1,3,7,7,7,7,2,2,2
7,7,7,7,4,1,4,7,7,7,7,2,2,0
7,7,7,7,4,1,5,7,7,7,7,2,2,2
7,7,7,7,4,1,6,7,7,7,7,0,0,2
7,7,7,7,4,1,7,7,7,7,7,2,2,2
7,7,7,7,4,1,8,7,7,7,7,2,2,2
7,7,7,7,4,1,9,7,7,7,7,2,2,2
7,7,7,7,4,1,10,7,7,7,7,0,2,0
7,7,7,7,4,1,11,7,7,7,7,2,2,2
7,7,7,7,4,1,12,7,7,7,7,2,2,2
7,7,7,7,4,1,13,7,7,7,7,2,2,2
7,7,7,7,4,1,14,7,7,7,7,2,2,2
7,7,7,7,4,1,15,7,7,7,7,2,2,2
7,7,7,7,4,1,16,7,7,7,7,0,2,2
7,7,7,7,4,1,17,7,7,7,7,2,2,2
7,7,7,7,4,1,18,7,7,7,7,0,2,0
7,7,7,7,4,1,19,7,7,7,7,2,2,2
7,7,7,7,4,1,20,7,7,7,7,2,2,2
7,7,7,7,4,1,21,7,7,7,7,2,2,2
7,7,7,7,4,1,22,7,7,7,7,2,2,2
7,7,7,7,4,1,23,7,7,7,7,2,2,2
7,7,7,7,4,1,24,7,7,7,7,0,2,0
7,7,7,7,4,1,25,7,7,7,7,2,2,2
7,7,7,7,4,1,26,7,7,7,7,2,2,2
7,7,7,7,4,1,27,7,7,7,7,2,2,2
7,7,7,7,4,1,28,7,7,7,7,2,2,0
7,7,7,7,4,1,29,7,7,7,7,2,2,2
7,7,7,7,4,1,30,7,7,7,7,2,2,2
7,7,7,7,4,1,31,7,7,7,7,2,2,2
7,7,7,7,4,1,32,7,7,7,7,2,2,0
7,7,7,7,4,1,33,7,7,7,7,2,2,2
7,7,7,7,4,1,34,7,7,7,7,2,2,2
7,7,7,7,4,1,35,7,7,7,7,0,2,2
7,7,7,7,4,1,36,7,7,7,7,2,2,2
7,7,7,7,4,1,37,7,7,7,7,2,2,2
7,7,7,7,4,1,38,7,7,7,7,2,2,2
7,7,7,7,4,1,39,7,7,7,7,2,2,0
7,7,7,7,4,1,40,7,7,7,7,0,2,2
7,7,7,7,4,1,41,7,7,7,7,0,0,0
7,7,7,7,4,1,42,7,7,7,7,0,0,0
7,7,7,7,4,1,43,7,7,7,7,2,0,2
7,7,7,7,4,1,44,7,7,7,7,2,2,2
7,7,7,7,4,1,45,7,7,7,7,2,2,2
7,7,7,7,4,1,46,7,7,7,7,2,2,2
7,7,7,7,4,1,47,7,7,7,7,2,2,2
7,7,7,7,4,1,48,7,7,7,7,2,2,2
7,7,7,7,4,1,49,7,7,7,7,2,2,2
7,7,7,7,4,1,50,7,7,7,7,2,2,2
7,7,7,7,4,1,51,7,7,7,7,2,2,2
7,7,7,7,4,1,52,7,7,7,7,2,2,2
7,7,7,7,4,1,53,7,7,7,7,2,2,2
7,7,7,7,4,1,54,7,7,7,7,2,2,0
7,7,7,7,4,1,55,7,7,7,7,2,2,2
7,7,7,7,4,1,56,7,7,7,7,2,2,0
7,7,7,7,4,1,57,7,7,7,7,2,2,0
7,7,7,7,4,1,58,7,7,7,7,2,2,0
7,7,7,7,4,1,59,7,7,7,7,2,2,2
7,7,7,7,4,1,60,7,7,7,7,2,2,2
7,7,7,7,4,1,61,7,7,7,7,2,2,2
7,7,7,7,4,1,62,7,7,7,7,2,2,2
7,7,7,7,4,1,63,7,7,7,7,2,2,0
7,7,7,7,4,1,64,7,7,7,7,2,2,2
7,7,7,7,4,1,65,7,7,7,7,2,0,2
7,7,7,7,4,1,66,7,7,7,7,2,2,2
7,7,7,7,4,1,67,7,7,7,7,2,2,2
7,7,7,7,4,1,68,7,7,7,7,2,2,2
7,7,7,7,4,1,69,7,7,7,7,2,2,2
7,7,7,7,4,1,70,7,7,7,7,2,2,2
7,7,7,7,4,1,71,7,7,7,7,2,2,2
7,7,7,7,4,1,72,7,7,7,7,2,0,2
7,7,7,7,4,1,73,7,7,7,7,2,2,2
7,7,7,7,4,1,74,7,7,7,7,0,2,2
7,7,7,7,4,1,75,7,7,7,7,0,2,0
7,7,7,7,4,1,76,7,7,7,7,2,2,2
7,7,7,7,4,1,77,7,7,7,7,0,2,0
7,7,7,7,4,1,78,7,7,7,7,2,2,2
7,7,7,7,4,1,79,7,7,7,7,2,2,2
7,7,7,7,4,1,80,7,7,7,7,2,2,0
7,7,7,7,4,1,81,7,7,7,7,2,2,2
7,7,7,7,4,1,82,7,7,7,7,2,2,2
7,7,7,7,4,1,83,7,7,7,7,2,2,2
7,7,7,7,4,1,84,7,7,7,7,2,2,2
7,7,7,7,4,1,85,7,7,7,7,0,2,2
7,7,7,7,4,1,86,7,7,7,7,2,2,2
7,7,7,7,4,1,87,7,7,7,7,2,2,2
7,7,7,7,4,1,88,7,7,7,7,2,2,2
7,7,7,7,4,1,89,7,7,7,7,2,2,0
7,7,7,7,4,1,90,7,7,7,7,2,2,0
7,7,7,7,4,1,91,7,7,7,7,2,2,2
7,7,7,7,4,1,92,7,7,7,7,2,2,2
7,7,7,7,4,1,93,7,7,7,7,2,2,2
7,7,7,7,4,1,94,7,7,7,7,2,2,2
7,7,7,7,4,1,95,7,7,7,7,2,2,2
7,7,7,7,4,1,96,7,7,7,7,0,2,2
7,7,7,7,4,1,97,7,7,7,7,2,2,2
7,7,7,7,4,1,98,7,7,7,7,2,2,2
7,7,7,7,4,1,99,7,7,7,7,2,2,2
7,7,7,7,4,1,100,7,7,7,7,2,2,2
8,8,8,8,4,1,1,8,8,8,8,2,2,2
8,8,8,8,4,1,2,8,8,8,8,2,2,2
8,8,8,8,4,1,3,8,8,8,8,2,2,0
8,8,8,8,4,1,4,8,8,8,8,2,2,2
8,8,8,8,4,1,5,8,8,8,8,2,2,2
8,8,8,8,4,1,6,8,8,8,8,2,2,2
8,8,8,8,4,1,7,8,8,8,8,2,2,2
8,8,8,8,4,1,8,8,8,8,8,2,2,2
8,8,8,8,4,1,9,8,8,8,8,0,2,2
8,8,8,8,4,1,10,8,8,8,8,2,2,2
8,8,8,8,4,1,11,8,8,8,8,2,2,2
8,8,8,8,4,1,12,8,8,8,8,2,2,2
8,8,8,8,4,1,13,8,8,8,8,2,2,2
8,8,8,8,4,1,14,8,8,8,8,2,2,0
8,8,8,8,4,1,15,8,8,8,8,2,2,2
8,8,8,8,4,1,16,8,8,8,8,2,2,2
8,8,8,8,4,1,17,8,8,8,8,2,2,2
8,8,8,8,4,1,18,8,8,8,8,2,2,2
8,8,8,8,4,1,19,8,8,8,8,0,2,0
8,8,8,8,4,1,20,8,8,8,8,0,0,0
8,8,8,8,4,1,21,8,8,8,8,2,2,2
8,8,8,8,4,1,22,8,8,8,8,2,2,2
8,8,8,8,4,1,23,8,8,8,8,2,2,2
8,8,8,8,4,1,24,8,8,8,8,2,2,2
8,8,8,8,4,1,25,8,8,8,8,2,2,2
8,8,8,8,4,1,26,8,8,8,8,0,2,2
8,8,8,8,4,1,27,8,8,8,8,0,2,2
8,8,8,8,4,1,28,8,8,8,8,0,2,2
8,8,8,8,4,1,29,8,8,8,8,2,2,2
8,8,8,8,4,1,30,8,8,8,8,2,2,2
8,8,8,8,4,1,31,8,8,8,8,2,0,2
8,8,8,8,4,1,32,8,8,8,8,2,2,2
8,8,8,8,4,1,33,8,8,8,8,2,2,2
8,8,8,8,4,1,34,8,8,8,8,2,2,0
8,8,8,8,4,1,35,8,8,8,8,0,2,0
8,8,8,8,4,1,36,8,8,8,8,2,0,0
8,8,8,8,4,1,37,8,8,8,8,2,2,2
8,8,8,8,4,1,38,8,8,8,8,2,2,2
8,8,8,8,4,1,39,8,8,8,8,0,2,2
8,8,8,8,4,1,40,8,8,8,8,0,0,0
8,8,8,8,4,1,41,8,8,8,8,2,2,0
8,8,8,8,4,1,42,8,8,8,8,2,2,0
8,8,8,8,4,1,43,8,8,8,8,2,2,2
8,8,8,8,4,1,44,8,8,8,8,2,2,2
8,8,8,8,4,1,45,8,8,8,8,0,0,0
8,8,8,8,4,1,46,8,8,8,8,2,2,2
8,8,8,8,4,1,47,8,8,8,8,2,2,0
8,8,8,8,4,1,48,8,8,8,8,2,2,2
8,8,8,8,4,1,49,8,8,8,8,2,2,2
8,8,8,8,4,1,50,8,8,8,8,2,2,2
8,8,8,8,4,1,51,8,8,8,8,2,2,2
8,8,8,8,4,1,52,8,8,8,8,2,2,2
8,8,8,8,4,1,53,8,8,8,8,2,2,2
8,8,8,8,4,1,54,8,8,8,8,2,2,2
8,8,8,8,4,1,55,8,8,8,8,2,2,2
8,8,8,8,4,1,56,8,8,8,8,2,2,2
8,8,8,8,4,1,57,8,8,8,8,0,2,0
8,8,8,8,4,1,58,8,8,8,8,2,2,2
8,8,8,8,4,1,59,8,8,8,8,0,2,0
8,8,8,8,4,1,60,8,8,8,8,2,2,2
8,8,8,8,4,1,61,8,8,8,8,2,2,2
8,8,8,8,4,1,62,8,8,8,8,0,0,2
8,8,8,8,4,1,63,8,8,8,8,2,2,2
8,8,8,8,4,1,64,8,8,8,8,2,2,2
8,8,8,8,4,1,65,8,8,8,8,2,2,2
8,8,8,8,4,1,66,8,8,8,8,0,0,0
8,8,8,8,4,1,67,8,8,8,8,2,2,2
8,8,8,8,4,1,68,8,8,8,8,2,2,2
8,8,8,8,4,1,69,8,8,8,8,2,2,0
8,8,8,8,4,1,70,8,8,8,8,2,2,2
8,8,8,8,4,1,71,8,8,8,8,2,2,2
8,8,8,8,4,1,72,8,8,8,8,0,2,2
8,8,8,8,4,1,73,8,8,8,8,0,2,2
8,8,8,8,4,1,74,8,8,8,8,0,2,2
8,8,8,8,4,1,75,8,8,8,8,0,2,2
8,8,8,8,4,1,76,8,8,8,8,2,2,2
8,8,8,8,4,1,77,8,8,8,8,2,2,2
8,8,8,8,4,1,78,8,8,8,8,2,2,2
8,8,8,8,4,1,79,8,8,8,8,2,2,2
8,8,8,8,4,1,80,8,8,8,8,2,2,2
8,8,8,8,4,1,81,8,8,8,8,2,2,2
8,8,8,8,4,1,82,8,8,8,8,2,2,2
8,8,8,8,4,1,83,8,8,8,8,2,2,2
8,8,8,8,4,1,84,8,8,8,8,2,2,2
8,8,8,8,4,1,85,8,8,8,8,2,0,0
8,8,8,8,4,1,86,8,8,8,8,2,2,2
8,8,8,8,4,1,87,8,8,8,8,2,2,2
8,8,8,8,4,1,88,8,8,8,8,2,2,2
8,8,8,8,4,1,89,8,8,8,8,2,2,2
8,8,8,8,4,1,90,8,8,8,8,2,2,2
8,8,8,8,4,1,91,8,8,8,8,2,2,2
8,8,8,8,4,1,92,8,8,8,8,2,2,2
8,8,8,8,4,1,93,8,8,8,8,2,2,2
8,8,8,8,4,1,94,8,8,8,8,2,2,2
8,8,8,8,4,1,95,8,8,8,8,2,2,2
8,8,8,8,4,1,96,8,8,8,8,0,0,0
8,8,8,8,4,1,97,8,8,8,8,2,2,2
8,8,8,8,4,1,98,8,8,8,8,2,2,2
8,8,8,8,4,1,99,8,8,8,8,2,2,2
8,8,8,8,4,1,100,8,8,8,8,2,2,2
9,9,9,9,4,1,1,9,9,9,9,0,2,0
9,9,9,9,4,1,2,9,9,9,9,0,2,0
9,9,9,9,4,1,3,9,9,9,9,0,2,2
9,9,9,9,4,1,4,9,9,9,9,0,2,0
9,9,9,9,4,1,5,9,9,9,9,0,2,2
9,9,9,9,4,1,6,9,9,9,9,0,2,0
9,9,9,9,4,1,7,9,9,9,9,2,2,2
9,9,9,9,4,1,8,9,9,9,9,0,2,0
9,9,9,9,4,1,9,9,9,9,9,0,0,0
9,9,9,9,4,1,10,9,9,9,9,0,2,2
9,9,9,9,4,1,11,9,9,9,9,2,2,2
9,9,9,9,4,1,12,9,9,9,9,2,0,0
9,9,9,9,4,1,13,9,9,9,9,0,2,0
9,9,9,9,4,1,14,9,9,9,9,0,2,2
9,9,9,9,4,1,15,9,9,9,9,0,0,0
9,9,9,9,4,1,16,9,9,9,9,0,2,2
9,9,9,9,4,1,17,9,9,9,9,2,2,2
9,9,9,9,4,1,18,9,9,9,9,0,0,0
9,9,9,9,4,1,19,9,9,9,9,0,2,0
9,9,9,9,4,1,20,9,9,9,9,0,2,2
9,9,9,9,4,1,21,9,9,9,9,0,0,0
9,9,9,9,4,1,22,9,9,9,9,2,2,2
9,9,9,9,4,1,23,9,9,9,9,0,0,0
9,9,9,9,4,1,24,9,9,9,9,0,0,2
9,9,9,9,4,1,25,9,9,9,9,2,2,2
9,9,9,9,4,1,26,9,9,9,9,0,2,0
9,9,9,9,4,1,27,9,9,9,9,0,0,0
9,9,9,9,4,1,28,9,9,9,9,0,2,0
9,9,9,9,4,1,29,9,9,9,9,2,2,0
9,9,9,9,4,1,30,9,9,9,9,0,2,2
9,9,9,9,4,1,31,9,9,9,9,0,0,0
9,9,9,9,4,1,32,9,9,9,9,2,2,2
9,9,9,9,4,1,33,9,9,9,9,0,2,2
9,9,9,9,4,1,34,9,9,9,9,2,2,0
9,9,9,9,4,1,35,9,9,9,9,2,2,2
9,9,9,9,4,1,36,9,9,9,9,0,2,0
9,9,9,9,4,1,37,9,9,9,9,0,0,0
9,9,9,9,4,1,38,9,9,9,9,2,0,0
9,9,9,9,4,1,39,9,9,9,9,0,2,2
9,9,9,9,4,1,40,9,9,9,9,0,0,2
9,9,9,9,4,1,41,9,9,9,9,2,2,2
9,9,9,9,4,1,42,9,9,9,9,0,0,0
9,9,9,9,4,1,43,9,9,9,9,0,0,0
9,9,9,9,4,1,44,9,9,9,9,2,2,2
9,9,9,9,4,1,45,9,9,9,9,0,2,2
9,9,9,9,4,1,46,9,9,9,9,0,0,0
9,9,9,9,4,1,47,9,9,9,9,2,0,2
9,9,9,9,4,1,48,9,9,9,9,0,2,0
9,9,9,9,4,1,49,9,9,9,9,0,2,0
9,9,9,9,4,1,50,9,9,9,9,0,0,0
9,9,9,9,4,1,51,9,9,9,9,0,2,2
9,9,9,9,4,1,52,9,9,9,9,0,0,0
9,9,9,9,4,1,53,9,9,9,9,2,2,2
9,9,9,9,4,1,54,9,9,9,9,0,0,0
9,9,9,9,4,1,55,9,9,9,9,2,2,2
9,9,9,9,4,1,56,9,9,9,9,2,0,2
9,9,9,9,4,1,57,9,9,9,9,0,0,0
9,9,9,9,4,1,58,9,9,9,9,2,2,2
9,9,9,9,4,1,59,9,9,9,9,0,0,0
9,9,9,9,4,1,60,9,9,9,9,2,2,2
9,9,9,9,4,1,61,9,9,9,9,0,2,2
9,9,9,9,4,1,62,9,9,9,9,0,2,2
9,9,9,9,4,1,63,9,9,9,9,2,2,2
9,9,9,9,4,1,64,9,9,9,9,0,0,0
9,9,9,9,4,1,65,9,9,9,9,0,2,2
9,9,9,9,4,1,66,9,9,9,9,0,2,0
9,9,9,9,4,1,67,9,9,9,9,2,2,2
9,9,9,9,4,1,68,9,9,9,9,0,2,0
9,9,9,9,4,1,69,9,9,9,9,0,0,0
9,9,9,9,4,1,70,9,9,9,9,2,2,2
9,9,9,9,4,1,71,9,9,9,9,2,2,2
9,9,9,9,4,1,72,9,9,9,9,0,2,2
9,9,9,9,4,1,73,9,9,9,9,0,2,0
9,9,9,9,4,1,74,9,9,9,9,0,0,0
9,9,9,9,4,1,75,9,9,9,9,0,2,2
9,9,9,9,4,1,76,9,9,9,9,2,2,2
9,9,9,9,4,1,77,9,9,9,9,0,2,2
9,9,9,9,4,1,78,9,9,9,9,0,0,0
9,9,9,9,4,1,79,9,9,9,9,0,0,0
9,9,9,9,4,1,80,9,9,9,9,0,0,0
9,9,9,9,4,1,81,9,9,9,9,0,0,0
9,9,9,9,4,1,82,9,9,9,9,0,2,2
9,9,9,9,4,1,83,9,9,9,9,2,2,2
9,9,9,9,4,1,84,9,9,9,9,2,2,2
9,9,9,9,4,1,85,9,9,9,9,2,2,0
9,9,9,9,4,1,86,9,9,9,9,2,2,2
9,9,9,9,4,1,87,9,9,9,9,0,2,0
9,9,9,9,4,1,88,9,9,9,9,2,2,2
9,9,9,9,4,1,89,9,9,9,9,0,0,0
9,9,9,9,4,1,90,9,9,9,9,0,2,0
9,9,9,9,4,1,91,9,9,9,9,2,2,2
9,9,9,9,4,1,92,9,9,9,9,0,2,2
9,9,9,9,4,1,93,9,9,9,9,2,0,0
9,9,9,9,4,1,94,9,9,9,9,2,2,2
9,9,9,9,4,1,95,9,9,9,9,0,2,2
9,9,9,9,4,1,96,9,9,9,9,2,2,2
9,9,9,9,4,1,97,9,9,9,9,0,2,0
9,9,9,9,4,1,98,9,9,9,9,0,2,2
9,9,9,9,4,1,99,9,9,9,9,2,2,2
9,9,9,9,4,1,100,9,9,9,9,2,2,0
10,10,10,10,4,1,1,10,10,10,10,0,0,0
10,10,10,10,4,1,2,10,10,10,10,0,0,0
10,10,10,10,4,1,3,10,10,10,10,0,0,0
10,10,10,10,4,1,4,10,10,10,10,0,0,2
10,10,10,10,4,1,5,10,10,10,10,0,0,0
10,10,10,10,4,1,6,10,10,10,10,0,2,0
10,10,10,10,4,1,7,10,10,10,10,0,2,2
10,10,10,10,4,1,8,10,10,10,10,0,0,2
10,10,10,10,4,1,9,10,10,10,10,2,0,2
10,10,10,10,4,1,10,10,10,10,10,0,2,0
10,10,10,10,4,1,11,10,10,10,10,0,0,0
10,10,10,10,4,1,12,10,10,10,10,0,0,0
10,10,10,10,4,1,13,10,10,10,10,0,0,0
10,10,10,10,4,1,14,10,10,10,10,0,0,0
10,10,10,10,4,1,15,10,10,10,10,0,2,0
10,10,10,10,4,1,16,10,10,10,10,0,0,0
10,10,10,10,4,1,17,10,10,10,10,0,0,0
10,10,10,10,4,1,18,10,10,10,10,0,0,0
10,10,10,10,4,1,19,10,10,10,10,0,0,0
10,10,10,10,4,1,20,10,10,10,10,0,0,0
10,10,10,10,4,1,21,10,10,10,10,0,0,0
10,10,10,10,4,1,22,10,10,10,10,0,0,0
10,10,10,10,4,1,23,10,10,10,10,0,0,0
10,10,10,10,4,1,24,10,10,10,10,0,0,2
10,10,10,10,4,1,25,10,10,10,10,0,0,0
10,10,10,10,4,1,26,10,10,10,10,0,0,0
10,10,10,10,4,1,27,10,10,10,10,0,0,0
10,10,10,10,4,1,28,10,10,10,10,0,0,0
10,10,10,10,4,1,29,10,10,10,10,0,0,0
10,10,10,10,4,1,30,10,10,10,10,0,0,0
10,10,10,10,4,1,31,10,10,10,10,0,2,2
10,10,10,10,4,1,32,10,10,10,10,0,0,0
10,10,10,10,4,1,33,10,10,10,10,0,0,0
10,10,10,10,4,1,34,10,10,10,10,0,0,0
10,10,10,10,4,1,35,10,10,10,10,0,0,0
10,10,10,10,4,1,36,10,10,10,10,0,0,0
10,10,10,10,4,1,37,10,10,10,10,0,0,2
10,10,10,10,4,1,38,10,10,10,10,0,2,0
10,10,10,10,4,1,39,10,10,10,10,0,2,0
10,10,10,10,4,1,40,10,10,10,10,0,0,0
10,10,10,10,4,1,41,10,10,10,10,0,0,0
10,10,10,10,4,1,42,10,10,10,10,0,2,2
10,10,10,10,4,1,43,10,10,10,10,0,2,0
10,10,10,10,4,1,44,10,10,10,10,0,0,0
10,10,10,10,4,1,45,10,10,10,10,0,0,0
10,10,10,10,4,1,46,10,10,10,10,0,0,0
10,10,10,10,4,1,47,10,10,10,10,0,0,0
10,10,10,10,4,1,48,10,10,10,10,0,2,2
10,10,10,10,4,1,49,10,10,10,10,0,0,0
10,10,10,10,4,1,50,10,10,10,10,0,0,0
10,10,10,10,4,1,51,10,10,10,10,0,0,0
10,10,10,10,4,1,52,10,10,10,10,0,0,0
10,10,10,10,4,1,53,10,10,10,10,0,0,2
10,10,10,10,4,1,54,10,10,10,10,0,0,0
10,10,10,10,4,1,55,10,10,10,10,0,0,0
10,10,10,10,4,1,56,10,10,10,10,0,0,0
10,10,10,10,4,1,57,10,10,10,10,0,0,0
10,10,10,10,4,1,58,10,10,10,10,0,2,2
10,10,10,10,4,1,59,10,10,10,10,0,2,2
10,10,10,10,4,1,60,10,10,10,10,0,0,0
10,10,10,10,4,1,61,10,10,10,10,0,0,0
10,10,10,10,4,1,62,10,10,10,10,0,0,0
10,10,10,10,4,1,63,10,10,10,10,0,0,0
10,10,10,10,4,1,64,10,10,10,10,0,0,0
10,10,10,10,4,1,65,10,10,10,10,0,2,0
10,10,10,10,4,1,66,10,10,10,10,0,0,0
10,10,10,10,4,1,67,10,10,10,10,0,2,2
10,10,10,10,4,1,68,10,10,10,10,0,2,0
10,10,10,10,4,1,69,10,10,10,10,0,2,2
10,10,10,10,4,1,70,10,10,10,10,0,2,2
10,10,10,10,4,1,71,10,10,10,10,0,0,0
10,10,10,10,4,1,72,10,10,10,10,0,0,0
10,10,10,10,4,1,73,10,10,10,10,0,0,0
10,10,10,10,4,1,74,10,10,10,10,0,0,0
10,10,10,10,4,1,75,10,10,10,10,0,0,0
10,10,10,10,4,1,76,10,10,10,10,0,0,0
10,10,10,10,4,1,77,10,10,10,10,0,2,2
10,10,10,10,4,1,78,10,10,10,10,0,0,0
10,10,10,10,4,1,79,10,10,10,10,0,0,2
10,10,10,10,4,1,80,10,10,10,10,0,0,0
10,10,10,10,4,1,81,10,10,10,10,0,0,0
10,10,10,10,4,1,82,10,10,10,10,0,2,0
10,10,10,10,4,1,83,10,10,10,10,0,2,2
10,10,10,10,4,1,84,10,10,10,10,0,2,2
10,10,10,10,4,1,85,10,10,10,10,0,0,0
10,10,10,10,4,1,86,10,10,10,10,0,2,0
10,10,10,10,4,1,87,10,10,10,10,0,2,0
10,10,10,10,4,1,88,10,10,10,10,0,2,0
10,10,10,10,4,1,89,10,10,10,10,0,2,2
10,10,10,10,4,1,90,10,10,10,10,0,2,0
10,10,10,10,4,1,91,10,10,10,10,0,0,0
10,10,10,10,4,1,92,10,10,10,10,0,0,0
10,10,10,10,4,1,93,10,10,10,10,0,0,0
10,10,10,10,4,1,94,10,10,10,10,0,0,2
10,10,10,10,4,1,95,10,10,10,10,0,0,2
10,10,10,10,4,1,96,10,10,10,10,0,0,0
10,10,10,10,4,1,97,10,10,10,10,0,0,0
10,10,10,10,4,1,98,10,10,10,10,0,0,0
10,10,10,10,4,1,99,10,10,10,10,0,0,0
10,10,10,10,4,1,100,10,10,10,10,0,2,0
11,11,11,11,4,1,1,11,11,11,11,0,0,0
11,11,11,11,4,1,2,11,11,11,11,0,0,0
11,11,11,11,4,1,3,11,11,11,11,0,0,0
11,11,11,11,4,1,4,11,11,11,11,0,0,0
11,11,11,11,4,1,5,11,11,11,11,0,0,0
11,11,11,11,4,1,6,11,11,11,11,0,0,0
11,11,11,11,4,1,7,11,11,11,11,0,0,0
11,11,11,11,4,1,8,11,11,11,11,0,0,0
11,11,11,11,4,1,9,11,11,11,11,0,0,0
11,11,11,11,4,1,10,11,11,11,11,0,0,0
11,11,11,11,4,1,11,11,11,11,11,0,0,0
11,11,11,11,4,1,12,11,11,11,11,0,0,0
11,11,11,11,4,1,13,11,11,11,11,0,0,0
11,11,11,11,4,1,14,11,11,11,11,0,0,0
11,11,11,11,4,1,15,11,11,11,11,0,0,0
11,11,11,11,4,1,16,11,11,11,11,0,0,0
11,11,11,11,4,1,17,11,11,11,11,0,0,0
11,11,11,11,4,1,18,11,11,11,11,0,0,0
11,11,11,11,4,1,19,11,11,11,11,0,0,0
11,11,11,11,4,1,20,11,11,11,11,0,0,0
11,11,11,11,4,1,21,11,11,11,11,0,0,0
11,11,11,11,4,1,22,11,11,11,11,0,0,0
11,11,11,11,4,1,23,11,11,11,11,0,0,0
11,11,11,11,4,1,24,11,11,11,11,0,0,0
11,11,11,11,4,1,25,11,11,11,11,0,0,0
11,11,11,11,4,1,26,11,11,11,11,0,0,0
11,11,11,11,4,1,27,11,11,11,11,0,0,0
11,11,11,11,4,1,28,11,11,11,11,0,0,0
11,11,11,11,4,1,29,11,11,11,11,0,0,0
11,11,11,11,4,1,30,11,11,11,11,0,0,0
11,11,11,11,4,1,31,11,11,11,11,0,0,0
11,11,11,11,4,1,32,11,11,11,11,0,0,0
11,11,11,11,4,1,33,11,11,11,11,0,3,0
11,11,11,11,4,1,34,11,11,11,11,0,0,0
11,11,11,11,4,1,35,11,11,11,11,0,0,0
11,11,11,11,4,1,36,11,11,11,11,0,0,0
11,11,11,11,4,1,37,11,11,11,11,0,0,0
11,11,11,11,4,1,38,11,11,11,11,0,0,0
11,11,11,11,4,1,39,11,11,11,11,0,0,2
11,11,11,11,4,1,40,11,11,11,11,0,0,0
11,11,11,11,4,1,41,11,11,11,11,0,0,0
11,11,11,11,4,1,42,11,11,11,11,0,0,0
11,11,11,11,4,1,43,11,11,11,11,0,0,0
11,11,11,11,4,1,44,11,11,11,11,0,0,0
11,11,11,11,4,1,45,11,11,11,11,0,0,0
11,11,11,11,4,1,46,11,11,11,11,0,0,0
11,11,11,11,4,1,47,11,11,11,11,0,0,0
11,11,11,11,4,1,48,11,11,11,11,0,0,0
11,11,11,11,4,1,49,11,11,11,11,0,0,0
11,11,11,11,4,1,50,11,11,11,11,0,0,0
11,11,11,11,4,1,51,11,11,11,11,0,0,0
11,11,11,11,4,1,52,11,11,11,11,0,0,0
11,11,11,11,4,1,53,11,11,11,11,0,0,0
11,11,11,11,4,1,54,11,11,11,11,0,0,0
11,11,11,11,4,1,55,11,11,11,11,0,0,0
11,11,11,11,4,1,56,11,11,11,11,0,0,0
11,11,11,11,4,1,57,11,11,11,11,0,0,0
11,11,11,11,4,1,58,11,11,11,11,0,0,0
11,11,11,11,4,1,59,11,11,11,11,0,0,0
11,11,11,11,4,1,60,11,11,11,11,0,0,0
11,11,11,11,4,1,61,11,11,11,11,0,0,0
11,11,11,11,4,1,62,11,11,11,11,0,0,0
11,11,11,11,4,1,63,11,11,11,11,0,0,0
11,11,11,11,4,1,64,11,11,11,11,0,0,0
11,11,11,11,4,1,65,11,11,11,11,0,0,0
11,11,11,11,4,1,66,11,11,11,11,0,0,0
11,11,11,11,4,1,67,11,11,11,11,0,0,0
11,11,11,11,4,1,68,11,11,11,11,0,0,0
11,11,11,11,4,1,69,11,11,11,11,0,0,0
11,11,11,11,4,1,70,11,11,11,11,0,0,0
11,11,11,11,4,1,71,11,11,11,11,0,0,0
11,11,11,11,4,1,72,11,11,11,11,0,0,0
11,11,11,11,4,1,73,11,11,11,11,0,0,0
11,11,11,11,4,1,74,11,11,11,11,0,0,0
11,11,11,11,4,1,75,11,11,11,11,0,0,0
11,11,11,11,4,1,76,11,11,11,11,0,0,0
11,11,11,11,4,1,77,11,11,11,11,0,0,0
11,11,11,11,4,1,78,11,11,11,11,0,0,0
11,11,11,11,4,1,79,11,11,11,11,0,0,0
11,11,11,11,4,1,80,11,11,11,11,0,0,0
11,11,11,11,4,1,81,11,11,11,11,0,0,0
11,11,11,11,4,1,82,11,11,11,11,0,0,0
11,11,11,11,4,1,83,11,11,11,11,0,0,0
11,11,11,11,4,1,84,11,11,11,11,0,0,0
11,11,11,11,4,1,85,11,11,11,11,0,0,0
11,11,11,11,4,1,86,11,11,11,11,0,0,0
11,11,11,11,4,1,87,11,11,11,11,0,0,0
11,11,11,11,4,1,88,11,11,11,11,0,2,0
11,11,11,11,4,1,89,11,11,11,11,0,0,0
11,11,11,11,4,1,90,11,11,11,11,0,0,0
11,11,11,11,4,1,91,11,11,11,11,0,0,0
11,11,11,11,4,1,92,11,11,11,11,0,0,0
11,11,11,11,4,1,93,11,11,11,11,0,0,0
11,11,11,11,4,1,94,11,11,11,11,0,2,0
11,11,11,11,4,1,95,11,11,11,11,0,0,0
11,11,11,11,4,1,96,11,11,11,11,0,0,0
11,11,11,11,4,1,97,11,11,11,11,0,0,0
11,11,11,11,4,1,98,11,11,11,11,0,0,0
11,11,11,11,4,1,99,11,11,11,11,0,0,0
11,11,11,11,4,1,100,11,11,11,11,0,0,0
12,12,12,12,4,1,1,12,12,12,12,0,0,0
12,12,12,12,4,1,2,12,12,12,12,0,0,0
12,12,12,12,4,1,3,12,12,12,12,0,0,0
12,12,12,12,4,1,4,12,12,12,12,0,0,0
12,12,12,12,4,1,5,12,12,12,12,0,0,0
12,12,12,12,4,1,6,12,12,12,12,0,0,0
12,12,12,12,4,1,7,12,12,12,12,0,0,0
12,12,12,12,4,1,8,12,12,12,12,0,0,0
12,12,12,12,4,1,9,12,12,12,12,0,0,0
12,12,12,12,4,1,10,12,12,12,12,0,0,0
12,12,12,12,4,1,11,12,12,12,12,0,0,0
12,12,12,12,4,1,12,12,12,12,12,0,0,0
12,12,12,12,4,1,13,12,12,12,12,0,0,0
12,12,12,12,4,1,14,12,12,12,12,0,0,0
12,12,12,12,4,1,15,12,12,12,12,0,0,0
12,12,12,12,4,1,16,12,12,12,12,0,0,0
12,12,12,12,4,1,17,12,12,12,12,0,0,0
12,12,12,12,4,1,18,12,12,12,12,0,0,0
12,12,12,12,4,1,19,12,12,12,12,0,0,0
12,12,12,12,4,1,20,12,12,12,12,0,0,0
12,12,12,12,4,1,21,12,12,12,12,0,0,0
12,12,12,12,4,1,22,12,12,12,12,0,0,0
12,12,12,12,4,1,23,12,12,12,12,0,0,0
12,12,12,12,4,1,24,12,12,12,12,0,0,0
12,12,12,12,4,1,25,12,12,12,12,0,0,0
12,12,12,12,4,1,26,12,12,12,12,0,0,0
12,12,12,12,4,1,27,12,12,12,12,0,0,0
12,12,12,12,4,1,28,12,12,12,12,0,0,0
12,12,12,12,4,1,29,12,12,12,12,0,0,0
12,12,12,12,4,1,30,12,12,12,12,0,0,0
12,12,12,12,4,1,31,12,12,12,12,0,0,0
12,12,12,12,4,1,32,12,12,12,12,0,0,0
12,12,12,12,4,1,33,12,12,12,12,0,0,0
12,12,12,12,4,1,34,12,12,12,12,0,0,0
12,12,12,12,4,1,35,12,12,12,12,0,0,0
12,12,12,12,4,1,36,12,12,12,12,0,0,0
12,12,12,12,4,1,37,12,12,12,12,0,0,0
12,12,12,12,4,1,38,12,12,12,12,0,0,0
12,12,12,12,4,1,39,12,12,12,12,0,0,0
12,12,12,12,4,1,40,12,12,12,12,0,0,0
12,12,12,12,4,1,41,12,12,12,12,0,0,0
12,12,12,12,4,1,42,12,12,12,12,0,0,0
12,12,12,12,4,1,43,12,12,12,12,0,0,0
12,12,12,12,4,1,44,12,12,12,12,0,0,0
12,12,12,12,4,1,45,12,12,12,12,0,0,0
12,12,12,12,4,1,46,12,12,12,12,0,0,0
12,12,12,12,4,1,47,12,12,12,12,0,0,0
12,12,12,12,4,1,48,12,12,12,12,0,0,0
12,12,12,12,4,1,49,12,12,12,12,0,0,0
12,12,12,12,4,1,50,12,12,12,12,0,0,0
12,12,12,12,4,1,51,12,12,12,12,0,0,0
12,12,12,12,4,1,52,12,12,12,12,0,0,0
12,12,12,12,4,1,53,12,12,12,12,0,0,0
12,12,12,12,4,1,54,12,12,12,12,0,0,0
12,12,12,12,4,1,55,12,12,12,12,0,0,0
12,12,12,12,4,1,56,12,12,12,12,0,0,0
12,12,12,12,4,1,57,12,12,12,12,0,0,0
12,12,12,12,4,1,58,12,12,12,12,0,0,0
12,12,12,12,4,1,59,12,12,12,12,0,0,0
12,12,12,12,4,1,60,12,12,12,12,0,0,0
12,12,12,12,4,1,61,12,12,12,12,0,0,0
12,12,12,12,4,1,62,12,12,12,12,0,0,0
12,12,12,12,4,1,63,12,12,12,12,0,0,0
12,12,12,12,4,1,64,12,12,12,12,0,0,0
12,12,12,12,4,1,65,12,12,12,12,0,0,0
12,12,12,12,4,1,66,12,12,12,12,0,0,0
12,12,12,12,4,1,67,12,12,12,12,0,0,0
12,12,12,12,4,1,68,12,12,12,12,0,0,0
12,12,12,12,4,1,69,12,12,12,12,0,0,0
12,12,12,12,4,1,70,12,12,12,12,0,0,0
12,12,12,12,4,1,71,12,12,12,12,0,0,0
12,12,12,12,4,1,72,12,12,12,12,0,0,0
12,12,12,12,4,1,73,12,12,12,12,0,0,0
12,12,12,12,4,1,74,12,12,12,12,0,0,0
12,12,12,12,4,1,75,12,12,12,12,0,0,0
12,12,12,12,4,1,76,12,12,12,12,0,0,0
12,12,12,12,4,1,77,12,12,12,12,0,0,0
12,12,12,12,4,1,78,12,12,12,12,0,0,0
12,12,12,12,4,1,79,12,12,12,12,0,0,0
12,12,12,12,4,1,80,12,12,12,12,0,0,0
12,12,12,12,4,1,81,12,12,12,12,0,0,0
12,12,12,12,4,1,82,12,12,12,12,0,0,0
12,12,12,12,4,1,83,12,12,12,12,0,0,0
12,12,12,12,4,1,84,12,12,12,12,0,0,0
12,12,12,12,4,1,85,12,12,12,12,0,0,0
12,12,12,12,4,1,86,12,12,12,12,0,0,0
12,12,12,12,4,1,87,12,12,12,12,0,0,0
12,12,12,12,4,1,88,12,12,12,12,0,0,0
12,12,12,12,4,1,89,12,12,12,12,0,0,0
12,12,12,12,4,1,90,12,12,12,12,0,0,0
12,12,12,12,4,1,91,12,12,12,12,0,0,0
12,12,12,12,4,1,92,12,12,12,12,0,0,0
12,12,12,12,4,1,93,12,12,12,12,0,0,0
12,12,12,12,4,1,94,12,12,12,12,0,3,0
12,12,12,12,4,1,95,12,12,12,12,0,0,0
12,12,12,12,4,1,96,12,12,12,12,0,0,0
12,12,12,12,4,1,97,12,12,12,12,0,0,0
12,12,12,12,4,1,98,12,12,12,12,0,0,0
12,12,12,12,4,1,99,12,12,12,12,0,0,0
12,12,12,12,4,1,100,12,12,12,12,0,0,0
13,13,13,13,4,1,1,13,13,13,13,0,0,0
13,13,13,13,4,1,2,13,13,13,13,0,0,0
13,13,13,13,4,1,3,13,13,13,13,0,0,0
13,13,13,13,4,1,4,13,13,13,13,0,0,0
13,13,13,13,4,1,5,13,13,13,13,0,0,0
13,13,13,13,4,1,6,13,13,13,13,0,0,0
13,13,13,13,4,1,7,13,13,13,13,0,0,0
13,13,13,13,4,1,8,13,13,13,13,0,0,0
13,13,13,13,4,1,9,13,13,13,13,0,0,0
13,13,13,13,4,1,10,13,13,13,13,0,0,0
13,13,13,13,4,1,11,13,13,13,13,0,0,0
13,13,13,13,4,1,12,13,13,13,13,0,0,0
13,13,13,13,4,1,13,13,13,13,13,0,0,0
13,13,13,13,4,1,14,13,13,13,13,0,0,0
13,13,13,13,4,1,15,13,13,13,13,0,0,0
13,13,13,13,4,1,16,13,13,13,13,0,3,0
13,13,13,13,4,1,17,13,13,13,13,0,0,0
13,13,13,13,4,1,18,13,13,13,13,0,0,0
13,13,13,13,4,1,19,13,13,13,13,0,0,0
13,13,13,13,4,1,20,13,13,13,13,0,0,0
13,13,13,13,4,1,21,13,13,13,13,0,0,0
13,13,13,13,4,1,22,13,13,13,13,0,0,0
13,13,13,13,4,1,23,13,13,13,13,0,0,0
13,13,13,13,4,1,24,13,13,13,13,0,0,0
13,13,13,13,4,1,25,13,13,13,13,0,0,0
13,13,13,13,4,1,26,13,13,13,13,0,0,0
13,13,13,13,4,1,27,13,13,13,13,0,0,0
13,13,13,13,4,1,28,13,13,13,13,0,0,0
13,13,13,13,4,1,29,13,13,13,13,0,0,0
13,13,13,13,4,1,30,13,13,13,13,0,0,0
13,13,13,13,4,1,31,13,13,13,13,0,0,0
13,13,13,13,4,1,32,13,13,13,13,0,0,0
13,13,13,13,4,1,33,13,13,13,13,0,0,0
13,13,13,13,4,1,34,13,13,13,13,0,0,0
13,13,13,13,4,1,35,13,13,13,13,0,0,0
13,13,13,13,4,1,36,13,13,13,13,0,0,0
13,13,13,13,4,1,37,13,13,13,13,0,0,0
13,13,13,13,4,1,38,13,13,13,13,0,0,0
13,13,13,13,4,1,39,13,13,13,13,0,0,0
13,13,13,13,4,1,40,13,13,13,13,0,0,0
13,13,13,13,4,1,41,13,13,13,13,0,3,0
13,13,13,13,4,1,42,13,13,13,13,0,0,0
13,13,13,13,4,1,43,13,13,13,13,0,0,0
13,13,13,13,4,1,44,13,13,13,13,0,0,0
13,13,13,13,4,1,45,13,13,13,13,0,0,0
13,13,13,13,4,1,46,13,13,13,13,0,0,0
13,13,13,13,4,1,47,13,13,13,13,0,0,0
13,13,13,13,4,1,48,13,13,13,13,0,0,0
13,13,13,13,4,1,49,13,13,13,13,0,0,0
13,13,13,13,4,1,50,13,13,13,13,0,0,0
13,13,13,13,4,1,51,13,13,13,13,0,3,0
13,13,13,13,4,1,52,13,13,13,13,0,0,0
13,13,13,13,4,1,53,13,13,13,13,0,0,0
13,13,13,13,4,1,54,13,13,13,13,0,0,0
13,13,13,13,4,1,55,13,13,13,13,0,0,0
13,13,13,13,4,1,56,13,13,13,13,0,0,0
13,13,13,13,4,1,57,13,13,13,13,0,0,0
13,13,13,13,4,1,58,13,13,13,13,0,0,0
13,13,13,13,4,1,59,13,13,13,13,0,0,0
13,13,13,13,4,1,60,13,13,13,13,0,3,0
13,13,13,13,4,1,61,13,13,13,13,0,0,0
13,13,13,13,4,1,62,13,13,13,13,0,0,0
13,13,13,13,4,1,63,13,13,13,13,0,0,0
13,13,13,13,4,1,64,13,13,13,13,0,0,0
13,13,13,13,4,1,65,13,13,13,13,0,0,0
13,13,13,13,4,1,66,13,13,13,13,0,0,0
13,13,13,13,4,1,67,13,13,13,13,0,0,0
13,13,13,13,4,1,68,13,13,13,13,0,0,0
13,13,13,13,4,1,69,13,13,13,13,0,0,0
13,13,13,13,4,1,70,13,13,13,13,0,0,0
13,13,13,13,4,1,71,13,13,13,13,0,0,0
13,13,13,13,4,1,72,13,13,13,13,0,0,0
13,13,13,13,4,1,73,13,13,13,13,0,0,0
13,13,13,13,4,1,74,13,13,13,13,0,0,0
13,13,13,13,4,1,75,13,13,13,13,0,0,0
13,13,13,13,4,1,76,13,13,13,13,0,0,0
13,13,13,13,4,1,77,13,13,13,13,0,0,0
13,13,13,13,4,1,78,13,13,13,13,0,0,0
13,13,13,13,4,1,79,13,13,13,13,0,0,0
13,13,13,13,4,1,80,13,13,13,13,0,0,0
13,13,13,13,4,1,81,13,13,13,13,0,0,0
13,13,13,13,4,1,82,13,13,13,13,0,0,0
13,13,13,13,4,1,83,13,13,13,13,0,0,0
13,13,13,13,4,1,84,13,13,13,13,0,0,0
13,13,13,13,4,1,85,13,13,13,13,0,3,0
13,13,13,13,4,1,86,13,13,13,13,0,0,0
13,13,13,13,4,1,87,13,13,13,13,0,0,0
13,13,13,13,4,1,88,13,13,13,13,0,0,0
13,13,13,13,4,1,89,13,13,13,13,0,0,0
13,13,13,13,4,1,90,13,13,13,13,0,0,0
13,13,13,13,4,1,91,13,13,13,13,0,0,0
13,13,13,13,4,1,92,13,13,13,13,0,0,0
13,13,13,13,4,1,93,13,13,13,13,0,0,0
13,13,13,13,4,1,94,13,13,13,13,0,0,0
13,13,13,13,4,1,95,13,13,13,13,0,0,0
13,13,13,13,4,1,96,13,13,13,13,0,0,0
13,13,13,13,4,1,97,13,13,13,13,0,0,0
13,13,13,13,4,1,98,13,13,13,13,0,0,0
13,13,13,13,4,1,99,13,13,13,13,0,0,0
13,13,13,13,4,1,100,13,13,13,13,0,0,0
14,14,14,14,4,1,1,14,14,14,14,0,3,0
14,14,14,14,4,1,2,14,14,14,14,0,3,0
14,14,14,14,4,1,3,14,14,14,14,0,0,0
14,14,14,14,4,1,4,14,14,14,14,0,0,0
14,14,14,14,4,1,5,14,14,14,14,0,0,0
14,14,14,14,4,1,6,14,14,14,14,0,0,0
14,14,14,14,4,1,7,14,14,14,14,0,0,0
14,14,14,14,4,1,8,14,14,14,14,0,3,0
14,14,14,14,4,1,9,14,14,14,14,0,0,0
14,14,14,14,4,1,10,14,14,14,14,0,0,0
14,14,14,14,4,1,11,14,14,14,14,0,0,0
14,14,14,14,4,1,12,14,14,14,14,0,0,0
14,14,14,14,4,1,13,14,14,14,14,0,0,0
14,14,14,14,4,1,14,14,14,14,14,0,0,0
14,14,14,14,4,1,15,14,14,14,14,0,0,0
14,14,14,14,4,1,16,14,14,14,14,0,0,0
14,14,14,14,4,1,17,14,14,14,14,0,0,0
14,14,14,14,4,1,18,14,14,14,14,0,0,0
14,14,14,14,4,1,19,14,14,14,14,0,0,0
14,14,14,14,4,1,20,14,14,14,14,0,3,0
14,14,14,14,4,1,21,14,14,14,14,0,0,0
14,14,14,14,4,1,22,14,14,14,14,0,0,0
14,14,14,14,4,1,23,14,14,14,14,0,3,0
14,14,14,14,4,1,24,14,14,14,14,0,3,0
14,14,14,14,4,1,25,14,14,14,14,0,0,0
14,14,14,14,4,1,26,14,14,14,14,0,0,0
14,14,14,14,4,1,27,14,14,14,14,0,3,0
14,14,14,14,4,1,28,14,14,14,14,0,3,0
14,14,14,14,4,1,29,14,14,14,14,0,0,0
14,14,14,14,4,1,30,14,14,14,14,0,0,0
14,14,14,14,4,1,31,14,14,14,14,0,0,0
14,14,14,14,4,1,32,14,14,14,14,0,0,0
14,14,14,14,4,1,33,14,14,14,14,0,0,0
14,14,14,14,4,1,34,14,14,14,14,0,3,0
14,14,14,14,4,1,35,14,14,14,14,0,0,0
14,14,14,14,4,1,36,14,14,14,14,0,3,0
14,14,14,14,4,1,37,14,14,14,14,0,0,0
14,14,14,14,4,1,38,14,14,14,14,0,0,0
14,14,14,14,4,1,39,14,14,14,14,0,0,0
14,14,14,14,4,1,40,14,14,14,14,0,0,0
14,14,14,14,4,1,41,14,14,14,14,0,0,0
14,14,14,14,4,1,42,14,14,14,14,0,0,0
14,14,14,14,4,1,43,14,14,14,14,0,3,0
14,14,14,14,4,1,44,14,14,14,14,0,0,0
14,14,14,14,4,1,45,14,14,14,14,0,0,0
14,14,14,14,4,1,46,14,14,14,14,0,0,0
14,14,14,14,4,1,47,14,14,14,14,0,0,0
14,14,14,14,4,1,48,14,14,14,14,0,0,0
14,14,14,14,4,1,49,14,14,14,14,0,0,0
14,14,14,14,4,1,50,14,14,14,14,0,0,0
14,14,14,14,4,1,51,14,14,14,14,0,0,0
14,14,14,14,4,1,52,14,14,14,14,0,3,0
14,14,14,14,4,1,53,14,14,14,14,0,0,0
14,14,14,14,4,1,54,14,14,14,14,0,0,0
14,14,14,14,4,1,55,14,14,14,14,0,0,0
14,14,14,14,4,1,56,14,14,14,14,0,0,0
14,14,14,14,4,1,57,14,14,14,14,0,0,0
14,14,14,14,4,1,58,14,14,14,14,0,3,0
14,14,14,14,4,1,59,14,14,14,14,0,3,0
14,14,14,14,4,1,60,14,14,14,14,0,0,0
14,14,14,14,4,1,61,14,14,14,14,0,3,0
14,14,14,14,4,1,62,14,14,14,14,0,0,0
14,14,14,14,4,1,63,14,14,14,14,0,0,0
14,14,14,14,4,1,64,14,14,14,14,0,0,0
14,14,14,14,4,1,65,14,14,14,14,0,0,0
14,14,14,14,4,1,66,14,14,14,14,0,0,0
14,14,14,14,4,1,67,14,14,14,14,0,0,0
14,14,14,14,4,1,68,14,14,14,14,0,3,0
14,14,14,14,4,1,69,14,14,14,14,0,0,0
14,14,14,14,4,1,70,14,14,14,14,0,0,0
14,14,14,14,4,1,71,14,14,14,14,0,0,0
14,14,14,14,4,1,72,14,14,14,14,0,0,0
14,14,14,14,4,1,73,14,14,14,14,0,3,0
14,14,14,14,4,1,74,14,14,14,14,0,0,0
14,14,14,14,4,1,75,14,14,14,14,0,0,0
14,14,14,14,4,1,76,14,14,14,14,0,0,0
14,14,14,14,4,1,77,14,14,14,14,0,0,0
14,14,14,14,4,1,78,14,14,14,14,0,0,0
14,14,14,14,4,1,79,14,14,14,14,0,0,0
14,14,14,14,4,1,80,14,14,14,14,0,0,0
14,14,14,14,4,1,81,14,14,14,14,0,3,0
14,14,14,14,4,1,82,14,14,14,14,0,0,0
14,14,14,14,4,1,83,14,14,14,14,0,3,0
14,14,14,14,4,1,84,14,14,14,14,0,0,0
14,14,14,14,4,1,85,14,14,14,14,0,0,0
14,14,14,14,4,1,86,14,14,14,14,0,0,0
14,14,14,14,4,1,87,14,14,14,14,0,0,0
14,14,14,14,4,1,88,14,14,14,14,0,0,0
14,14,14,14,4,1,89,14,14,14,14,0,3,0
14,14,14,14,4,1,90,14,14,14,14,0,0,0
14,14,14,14,4,1,91,14,14,14,14,0,0,0
14,14,14,14,4,1,92,14,14,14,14,0,0,0
14,14,14,14,4,1,93,14,14,14,14,0,0,0
14,14,14,14,4,1,94,14,14,14,14,0,3,0
14,14,14,14,4,1,95,14,14,14,14,0,0,0
14,14,14,14,4,1,96,14,14,14,14,0,0,0
14,14,14,14,4,1,97,14,14,14,14,0,0,0
14,14,14,14,4,1,98,14,14,14,14,0,0,0
14,14,14,14,4,1,99,14,14,14,14,0,0,0
14,14,14,14,4,1,100,14,14,14,14,0,0,0
15,15,15,15,4,1,1,15,15,15,15,0,0,0
15,15,15,15,4,1,2,15,15,15,15,0,0,0
15,15,15,15,4,1,3,15,15,15,15,0,0,0
15,15,15,15,4,1,4,15,15,15,15,0,0,0
15,15,15,15,4,1,5,15,15,15,15,0,3,0
15,15,15,15,4,1,6,15,15,15,15,0,0,0
15,15,15,15,4,1,7,15,15,15,15,0,0,0
15,15,15,15,4,1,8,15,15,15,15,0,0,0
15,15,15,15,4,1,9,15,15,15,15,0,0,0
15,15,15,15,4,1,10,15,15,15,15,0,0,0
15,15,15,15,4,1,11,15,15,15,15,0,3,0
15,15,15,15,4,1,12,15,15,15,15,0,3,0
15,15,15,15,4,1,13,15,15,15,15,0,0,0
15,15,15,15,4,1,14,15,15,15,15,0,0,0
15,15,15,15,4,1,15,15,15,15,15,0,0,0
15,15,15,15,4,1,16,15,15,15,15,0,0,0
15,15,15,15,4,1,17,15,15,15,15,0,0,0
15,15,15,15,4,1,18,15,15,15,15,0,0,0
15,15,15,15,4,1,19,15,15,15,15,0,0,0
15,15,15,15,4,1,20,15,15,15,15,0,0,0
15,15,15,15,4,1,21,15,15,15,15,0,3,0
15,15,15,15,4,1,22,15,15,15,15,0,0,0
15,15,15,15,4,1,23,15,15,15,15,0,3,0
15,15,15,15,4,1,24,15,15,15,15,0,0,0
15,15,15,15,4,1,25,15,15,15,15,0,0,0
15,15,15,15,4,1,26,15,15,15,15,0,3,0
15,15,15,15,4,1,27,15,15,15,15,0,0,0
15,15,15,15,4,1,28,15,15,15,15,0,0,0
15,15,15,15,4,1,29,15,15,15,15,0,0,0
15,15,15,15,4,1,30,15,15,15,15,0,3,0
15,15,15,15,4,1,31,15,15,15,15,0,3,0
15,15,15,15,4,1,32,15,15,15,15,0,0,0
15,15,15,15,4,1,33,15,15,15,15,0,3,0
15,15,15,15,4,1,34,15,15,15,15,0,3,0
15,15,15,15,4,1,35,15,15,15,15,0,0,0
15,15,15,15,4,1,36,15,15,15,15,0,3,0
15,15,15,15,4,1,37,15,15,15,15,0,3,0
15,15,15,15,4,1,38,15,15,15,15,0,0,0
15,15,15,15,4,1,39,15,15,15,15,0,0,0
15,15,15,15,4,1,40,15,15,15,15,0,3,0
15,15,15,15,4,1,41,15,15,15,15,0,0,0
15,15,15,15,4,1,42,15,15,15,15,3,3,0
15,15,15,15,4,1,43,15,15,15,15,0,0,0
15,15,15,15,4,1,44,15,15,15,15,0,0,0
15,15,15,15,4,1,45,15,15,15,15,0,0,0
15,15,15,15,4,1,46,15,15,15,15,0,0,0
15,15,15,15,4,1,47,15,15,15,15,0,3,0
15,15,15,15,4,1,48,15,15,15,15,0,0,0
15,15,15,15,4,1,49,15,15,15,15,0,0,0
15,15,15,15,4,1,50,15,15,15,15,0,0,0
15,15,15,15,4,1,51,15,15,15,15,0,3,0
15,15,15,15,4,1,52,15,15,15,15,0,0,0
15,15,15,15,4,1,53,15,15,15,15,0,0,0
15,15,15,15,4,1,54,15,15,15,15,3,3,0
15,15,15,15,4,1,55,15,15,15,15,0,0,0
15,15,15,15,4,1,56,15,15,15,15,0,3,0
15,15,15,15,4,1,57,15,15,15,15,0,0,0
15,15,15,15,4,1,58,15,15,15,15,0,3,0
15,15,15,15,4,1,59,15,15,15,15,0,0,0
15,15,15,15,4,1,60,15,15,15,15,0,3,0
15,15,15,15,4,1,61,15,15,15,15,0,3,0
15,15,15,15,4,1,62,15,15,15,15,0,0,0
15,15,15,15,4,1,63,15,15,15,15,0,3,0
15,15,15,15,4,1,64,15,15,15,15,0,3,0
15,15,15,15,4,1,65,15,15,15,15,0,0,0
15,15,15,15,4,1,66,15,15,15,15,0,0,0
15,15,15,15,4,1,67,15,15,15,15,0,3,0
15,15,15,15,4,1,68,15,15,15,15,0,0,0
15,15,15,15,4,1,69,15,15,15,15,0,0,0
15,15,15,15,4,1,70,15,15,15,15,0,0,0
15,15,15,15,4,1,71,15,15,15,15,0,0,0
15,15,15,15,4,1,72,15,15,15,15,0,0,0
15,15,15,15,4,1,73,15,15,15,15,0,3,0
15,15,15,15,4,1,74,15,15,15,15,0,0,0
15,15,15,15,4,1,75,15,15,15,15,0,0,0
15,15,15,15,4,1,76,15,15,15,15,0,0,0
15,15,15,15,4,1,77,15,15,15,15,0,0,0
15,15,15,15,4,1,78,15,15,15,15,0,0,0
15,15,15,15,4,1,79,15,15,15,15,0,0,0
15,15,15,15,4,1,80,15,15,15,15,0,0,0
15,15,15,15,4,1,81,15,15,15,15,0,0,0
15,15,15,15,4,1,82,15,15,15,15,0,3,0
15,15,15,15,4,1,83,15,15,15,15,0,3,0
15,15,15,15,4,1,84,15,15,15,15,0,0,0
15,15,15,15,4,1,85,15,15,15,15,0,0,0
15,15,15,15,4,1,86,15,15,15,15,0,0,0
15,15,15,15,4,1,87,15,15,15,15,0,0,0
15,15,15,15,4,1,88,15,15,15,15,0,3,0
15,15,15,15,4,1,89,15,15,15,15,0,3,0
15,15,15,15,4,1,90,15,15,15,15,0,0,0
15,15,15,15,4,1,91,15,15,15,15,0,0,0
15,15,15,15,4,1,92,15,15,15,15,0,3,0
15,15,15,15,4,1,93,15,15,15,15,0,0,0
15,15,15,15,4,1,94,15,15,15,15,0,3,0
15,15,15,15,4,1,95,15,15,15,15,0,3,0
15,15,15,15,4,1,96,15,15,15,15,0,3,0
15,15,15,15,4,1,97,15,15,15,15,0,0,0
15,15,15,15,4,1,98,15,15,15,15,0,0,0
15,15,15,15,4,1,99,15,15,15,15,0,0,0
15,15,15,15,4,1,100,15,15,15,15,0,0,0
16,16,16,16,4,1,1,16,16,16,16,0,3,0
16,16,16,16,4,1,2,16,16,16,16,0,0,0
16,16,16,16,4,1,3,16,16,16,16,3,3,0
16,16,16,16,4,1,4,16,16,16,16,0,3,0
16,16,16,16,4,1,5,16,16,16,16,0,3,0
16,16,16,16,4,1,6,16,16,16,16,3,3,0
16,16,16,16,4,1,7,16,16,16,16,0,0,0
16,16,16,16,4,1,8,16,16,16,16,3,3,0
16,16,16,16,4,1,9,16,16,16,16,0,3,0
16,16,16,16,4,1,10,16,16,16,16,0,3,0
16,16,16,16,4,1,11,16,16,16,16,0,3,0
16,16,16,16,4,1,12,16,16,16,16,0,3,0
16,16,16,16,4,1,13,16,16,16,16,0,3,0
16,16,16,16,4,1,14,16,16,16,16,0,0,0
16,16,16,16,4,1,15,16,16,16,16,0,0,0
16,16,16,16,4,1,16,16,16,16,16,3,3,0
16,16,16,16,4,1,17,16,16,16,16,0,3,0
16,16,16,16,4,1,18,16,16,16,16,0,3,0
16,16,16,16,4,1,19,16,16,16,16,0,0,0
16,16,16,16,4,1,20,16,16,16,16,0,0,0
16,16,16,16,4,1,21,16,16,16,16,3,3,0
16,16,16,16,4,1,22,16,16,16,16,0,0,0
16,16,16,16,4,1,23,16,16,16,16,0,0,0
16,16,16,16,4,1,24,16,16,16,16,0,3,0
16,16,16,16,4,1,25,16,16,16,16,0,3,0
16,16,16,16,4,1,26,16,16,16,16,0,3,0
16,16,16,16,4,1,27,16,16,16,16,3,3,0
16,16,16,16,4,1,28,16,16,16,16,0,3,0
16,16,16,16,4,1,29,16,16,16,16,0,3,0
16,16,16,16,4,1,30,16,16,16,16,0,0,0
16,16,16,16,4,1,31,16,16,16,16,0,3,0
16,16,16,16,4,1,32,16,16,16,16,0,0,0
16,16,16,16,4,1,33,16,16,16,16,3,3,0
16,16,16,16,4,1,34,16,16,16,16,0,0,0
16,16,16,16,4,1,35,16,16,16,16,0,3,0
16,16,16,16,4,1,36,16,16,16,16,3,3,0
16,16,16,16,4,1,37,16,16,16,16,3,3,0
16,16,16,16,4,1,38,16,16,16,16,3,3,0
16,16,16,16,4,1,39,16,16,16,16,0,3,0
16,16,16,16,4,1,40,16,16,16,16,0,3,0
16,16,16,16,4,1,41,16,16,16,16,0,0,0
16,16,16,16,4,1,42,16,16,16,16,0,0,0
16,16,16,16,4,1,43,16,16,16,16,0,3,0
16,16,16,16,4,1,44,16,16,16,16,3,3,0
16,16,16,16,4,1,45,16,16,16,16,0,0,0
16,16,16,16,4,1,46,16,16,16,16,0,3,0
16,16,16,16,4,1,47,16,16,16,16,0,3,0
16,16,16,16,4,1,48,16,16,16,16,0,0,0
16,16,16,16,4,1,49,16,16,16,16,0,0,0
16,16,16,16,4,1,50,16,16,16,16,0,3,0
16,16,16,16,4,1,51,16,16,16,16,0,0,0
16,16,16,16,4,1,52,16,16,16,16,0,3,0
16,16,16,16,4,1,53,16,16,16,16,3,3,0
16,16,16,16,4,1,54,16,16,16,16,0,0,0
16,16,16,16,4,1,55,16,16,16,16,0,3,0
16,16,16,16,4,1,56,16,16,16,16,0,0,0
16,16,16,16,4,1,57,16,16,16,16,3,3,0
16,16,16,16,4,1,58,16,16,16,16,3,3,0
16,16,16,16,4,1,59,16,16,16,16,0,0,0
16,16,16,16,4,1,60,16,16,16,16,0,0,0
16,16,16,16,4,1,61,16,16,16,16,3,3,0
16,16,16,16,4,1,62,16,16,16,16,0,3,0
16,16,16,16,4,1,63,16,16,16,16,0,3,0
16,16,16,16,4,1,64,16,16,16,16,0,3,0
16,16,16,16,4,1,65,16,16,16,16,0,3,0
16,16,16,16,4,1,66,16,16,16,16,0,3,0
16,16,16,16,4,1,67,16,16,16,16,0,0,0
16,16,16,16,4,1,68,16,16,16,16,0,0,0
16,16,16,16,4,1,69,16,16,16,16,3,3,0
16,16,16,16,4,1,70,16,16,16,16,0,0,0
16,16,16,16,4,1,71,16,16,16,16,0,3,0
16,16,16,16,4,1,72,16,16,16,16,3,3,0
16,16,16,16,4,1,73,16,16,16,16,3,3,0
16,16,16,16,4,1,74,16,16,16,16,0,3,0
16,16,16,16,4,1,75,16,16,16,16,3,3,0
16,16,16,16,4,1,76,16,16,16,16,0,3,0
16,16,16,16,4,1,77,16,16,16,16,0,3,0
16,16,16,16,4,1,78,16,16,16,16,3,3,0
16,16,16,16,4,1,79,16,16,16,16,0,3,0
16,16,16,16,4,1,80,16,16,16,16,0,0,0
16,16,16,16,4,1,81,16,16,16,16,0,0,0
16,16,16,16,4,1,82,16,16,16,16,3,3,0
16,16,16,16,4,1,83,16,16,16,16,0,3,0
16,16,16,16,4,1,84,16,16,16,16,0,3,0
16,16,16,16,4,1,85,16,16,16,16,0,3,0
16,16,16,16,4,1,86,16,16,16,16,0,3,0
16,16,16,16,4,1,87,16,16,16,16,0,3,0
16,16,16,16,4,1,88,16,16,16,16,0,3,0
16,16,16,16,4,1,89,16,16,16,16,3,3,0
16,16,16,16,4,1,90,16,16,16,16,0,3,0
16,16,16,16,4,1,91,16,16,16,16,3,3,0
16,16,16,16,4,1,92,16,16,16,16,0,3,0
16,16,16,16,4,1,93,16,16,16,16,0,3,0
16,16,16,16,4,1,94,16,16,16,16,0,3,0
16,16,16,16,4,1,95,16,16,16,16,3,3,0
16,16,16,16,4,1,96,16,16,16,16,0,3,0
16,16,16,16,4,1,97,16,16,16,16,3,3,0
16,16,16,16,4,1,98,16,16,16,16,3,3,0
16,16,16,16,4,1,99,16,16,16,16,0,3,0
16,16,16,16,4,1,100,16,16,16,16,0,3,0
17,17,17,17,4,1,1,17,17,17,17,0,3,0
17,17,17,17,4,1,2,17,17,17,17,3,3,0
17,17,17,17,4,1,3,17,17,17,17,0,3,0
17,17,17,17,4,1,4,17,17,17,17,3,3,0
17,17,17,17,4,1,5,17,17,17,17,0,3,0
17,17,17,17,4,1,6,17,17,17,17,3,3,0
17,17,17,17,4,1,7,17,17,17,17,3,3,0
17,17,17,17,4,1,8,17,17,17,17,0,3,0
17,17,17,17,4,1,9,17,17,17,17,3,3,0
17,17,17,17,4,1,10,17,17,17,17,3,3,0
17,17,17,17,4,1,11,17,17,17,17,0,3,0
17,17,17,17,4,1,12,17,17,17,17,3,3,0
17,17,17,17,4,1,13,17,17,17,17,3,3,0
17,17,17,17,4,1,14,17,17,17,17,0,3,0
17,17,17,17,4,1,15,17,17,17,17,0,3,0
17,17,17,17,4,1,16,17,17,17,17,3,3,0
17,17,17,17,4,1,17,17,17,17,17,0,3,0
17,17,17,17,4,1,18,17,17,17,17,3,3,0
17,17,17,17,4,1,19,17,17,17,17,0,3,0
17,17,17,17,4,1,20,17,17,17,17,3,3,0
17,17,17,17,4,1,21,17,17,17,17,0,3,0
17,17,17,17,4,1,22,17,17,17,17,3,3,0
17,17,17,17,4,1,23,17,17,17,17,0,3,0
17,17,17,17,4,1,24,17,17,17,17,3,3,0
17,17,17,17,4,1,25,17,17,17,17,0,3,0
17,17,17,17,4,1,26,17,17,17,17,3,3,0
17,17,17,17,4,1,27,17,17,17,17,3,3,0
17,17,17,17,4,1,28,17,17,17,17,3,3,0
17,17,17,17,4,1,29,17,17,17,17,0,3,0
17,17,17,17,4,1,30,17,17,17,17,3,3,0
17,17,17,17,4,1,31,17,17,17,17,0,3,0
17,17,17,17,4,1,32,17,17,17,17,0,3,0
17,17,17,17,4,1,33,17,17,17,17,3,3,0
17,17,17,17,4,1,34,17,17,17,17,3,3,0
17,17,17,17,4,1,35,17,17,17,17,3,3,0
17,17,17,17,4,1,36,17,17,17,17,3,3,0
17,17,17,17,4,1,37,17,17,17,17,3,3,0
17,17,17,17,4,1,38,17,17,17,17,0,3,0
17,17,17,17,4,1,39,17,17,17,17,3,3,0
17,17,17,17,4,1,40,17,17,17,17,0,3,0
17,17,17,17,4,1,41,17,17,17,17,0,3,0
17,17,17,17,4,1,42,17,17,17,17,0,3,0
17,17,17,17,4,1,43,17,17,17,17,0,0,0
17,17,17,17,4,1,44,17,17,17,17,0,3,0
17,17,17,17,4,1,45,17,17,17,17,0,3,0
17,17,17,17,4,1,46,17,17,17,17,3,3,0
17,17,17,17,4,1,47,17,17,17,17,0,3,0
17,17,17,17,4,1,48,17,17,17,17,3,3,0
17,17,17,17,4,1,49,17,17,17,17,3,3,0
17,17,17,17,4,1,50,17,17,17,17,0,3,0
17,17,17,17,4,1,51,17,17,17,17,0,3,0
17,17,17,17,4,1,52,17,17,17,17,0,3,0
17,17,17,17,4,1,53,17,17,17,17,0,3,0
17,17,17,17,4,1,54,17,17,17,17,3,3,0
17,17,17,17,4,1,55,17,17,17,17,0,3,0
17,17,17,17,4,1,56,17,17,17,17,3,3,0
17,17,17,17,4,1,57,17,17,17,17,0,3,0
17,17,17,17,4,1,58,17,17,17,17,3,3,0
17,17,17,17,4,1,59,17,17,17,17,3,3,0
17,17,17,17,4,1,60,17,17,17,17,3,3,0
17,17,17,17,4,1,61,17,17,17,17,3,3,0
17,17,17,17,4,1,62,17,17,17,17,3,3,0
17,17,17,17,4,1,63,17,17,17,17,0,3,0
17,17,17,17,4,1,64,17,17,17,17,3,3,0
17,17,17,17,4,1,65,17,17,17,17,3,3,0
17,17,17,17,4,1,66,17,17,17,17,0,3,0
17,17,17,17,4,1,67,17,17,17,17,3,3,0
17,17,17,17,4,1,68,17,17,17,17,3,3,0
17,17,17,17,4,1,69,17,17,17,17,3,3,0
17,17,17,17,4,1,70,17,17,17,17,0,3,0
17,17,17,17,4,1,71,17,17,17,17,0,0,0
17,17,17,17,4,1,72,17,17,17,17,0,3,0
17,17,17,17,4,1,73,17,17,17,17,3,3,0
17,17,17,17,4,1,74,17,17,17,17,3,3,0
17,17,17,17,4,1,75,17,17,17,17,0,3,0
17,17,17,17,4,1,76,17,17,17,17,0,3,0
17,17,17,17,4,1,77,17,17,17,17,3,3,0
17,17,17,17,4,1,78,17,17,17,17,0,3,0
17,17,17,17,4,1,79,17,17,17,17,0,3,0
17,17,17,17,4,1,80,17,17,17,17,3,3,0
17,17,17,17,4,1,81,17,17,17,17,3,3,0
17,17,17,17,4,1,82,17,17,17,17,3,3,0
17,17,17,17,4,1,83,17,17,17,17,0,3,0
17,17,17,17,4,1,84,17,17,17,17,0,3,0
17,17,17,17,4,1,85,17,17,17,17,3,3,0
17,17,17,17,4,1,86,17,17,17,17,3,3,0
17,17,17,17,4,1,87,17,17,17,17,3,3,0
17,17,17,17,4,1,88,17,17,17,17,0,3,0
17,17,17,17,4,1,89,17,17,17,17,3,3,0
17,17,17,17,4,1,90,17,17,17,17,0,3,0
17,17,17,17,4,1,91,17,17,17,17,0,3,0
17,17,17,17,4,1,92,17,17,17,17,3,3,0
17,17,17,17,4,1,93,17,17,17,17,0,3,0
17,17,17,17,4,1,94,17,17,17,17,3,3,0
17,17,17,17,4,1,95,17,17,17,17,3,3,0
17,17,17,17,4,1,96,17,17,17,17,3,3,0
17,17,17,17,4,1,97,17,17,17,17,0,3,0
17,17,17,17,4,1,98,17,17,17,17,0,3,0
17,17,17,17,4,1,99,17,17,17,17,3,3,0
17,17,17,17,4,1,100,17,17,17,17,3,3,0
18,18,18,18,4,1,1,18,18,18,18,3,3,0
18,18,18,18,4,1,2,18,18,18,18,3,3,0
18,18,18,18,4,1,3,18,18,18,18,3,3,0
18,18,18,18,4,1,4,18,18,18,18,3,3,0
18,18,18,18,4,1,5,18,18,18,18,0,3,0
18,18,18,18,4,1,6,18,18,18,18,0,3,0
18,18,18,18,4,1,7,18,18,18,18,3,3,0
18,18,18,18,4,1,8,18,18,18,18,3,3,0
18,18,18,18,4,1,9,18,18,18,18,3,3,0
18,18,18,18,4,1,10,18,18,18,18,3,3,0
18,18,18,18,4,1,11,18,18,18,18,0,3,0
18,18,18,18,4,1,12,18,18,18,18,3,3,3
18,18,18,18,4,1,13,18,18,18,18,0,3,0
18,18,18,18,4,1,14,18,18,18,18,3,3,0
18,18,18,18,4,1,15,18,18,18,18,3,3,0
18,18,18,18,4,1,16,18,18,18,18,3,3,0
18,18,18,18,4,1,17,18,18,18,18,0,3,0
18,18,18,18,4,1,18,18,18,18,18,3,3,0
18,18,18,18,4,1,19,18,18,18,18,0,3,0
18,18,18,18,4,1,20,18,18,18,18,3,3,0
18,18,18,18,4,1,21,18,18,18,18,3,3,0
18,18,18,18,4,1,22,18,18,18,18,3,3,0
18,18,18,18,4,1,23,18,18,18,18,3,3,0
18,18,18,18,4,1,24,18,18,18,18,3,3,0
18,18,18,18,4,1,25,18,18,18,18,0,3,0
18,18,18,18,4,1,26,18,18,18,18,3,3,0
18,18,18,18,4,1,27,18,18,18,18,3,3,0
18,18,18,18,4,1,28,18,18,18,18,3,3,0
18,18,18,18,4,1,29,18,18,18,18,0,3,0
18,18,18,18,4,1,30,18,18,18,18,3,3,0
18,18,18,18,4,1,31,18,18,18,18,3,3,0
18,18,18,18,4,1,32,18,18,18,18,0,3,0
18,18,18,18,4,1,33,18,18,18,18,0,3,0
18,18,18,18,4,1,34,18,18,18,18,3,3,3
18,18,18,18,4,1,35,18,18,18,18,3,3,0
18,18,18,18,4,1,36,18,18,18,18,3,3,0
18,18,18,18,4,1,37,18,18,18,18,3,3,0
18,18,18,18,4,1,38,18,18,18,18,3,3,0
18,18,18,18,4,1,39,18,18,18,18,3,3,0
18,18,18,18,4,1,40,18,18,18,18,3,3,3
18,18,18,18,4,1,41,18,18,18,18,3,3,0
18,18,18,18,4,1,42,18,18,18,18,3,3,0
18,18,18,18,4,1,43,18,18,18,18,0,3,0
18,18,18,18,4,1,44,18,18,18,18,3,3,0
18,18,18,18,4,1,45,18,18,18,18,3,3,0
18,18,18,18,4,1,46,18,18,18,18,3,3,0
18,18,18,18,4,1,47,18,18,18,18,0,3,0
18,18,18,18,4,1,48,18,18,18,18,3,3,0
18,18,18,18,4,1,49,18,18,18,18,3,3,0
18,18,18,18,4,1,50,18,18,18,18,3,3,0
18,18,18,18,4,1,51,18,18,18,18,0,3,0
18,18,18,18,4,1,52,18,18,18,18,3,3,0
18,18,18,18,4,1,53,18,18,18,18,3,3,0
18,18,18,18,4,1,54,18,18,18,18,3,3,0
18,18,18,18,4,1,55,18,18,18,18,0,3,0
18,18,18,18,4,1,56,18,18,18,18,3,3,0
18,18,18,18,4,1,57,18,18,18,18,3,3,0
18,18,18,18,4,1,58,18,18,18,18,3,3,0
18,18,18,18,4,1,59,18,18,18,18,3,3,3
18,18,18,18,4,1,60,18,18,18,18,3,3,0
18,18,18,18,4,1,61,18,18,18,18,3,3,0
18,18,18,18,4,1,62,18,18,18,18,3,3,0
18,18,18,18,4,1,63,18,18,18,18,0,3,0
18,18,18,18,4,1,64,18,18,18,18,3,3,0
18,18,18,18,4,1,65,18,18,18,18,3,3,0
18,18,18,18,4,1,66,18,18,18,18,3,3,3
18,18,18,18,4,1,67,18,18,18,18,3,3,0
18,18,18,18,4,1,68,18,18,18,18,3,3,0
18,18,18,18,4,1,69,18,18,18,18,3,3,0
18,18,18,18,4,1,70,18,18,18,18,3,3,0
18,18,18,18,4,1,71,18,18,18,18,3,3,0
18,18,18,18,4,1,72,18,18,18,18,3,3,0
18,18,18,18,4,1,73,18,18,18,18,0,3,0
18,18,18,18,4,1,74,18,18,18,18,0,3,0
18,18,18,18,4,1,75,18,18,18,18,3,3,0
18,18,18,18,4,1,76,18,18,18,18,3,3,0
18,18,18,18,4,1,77,18,18,18,18,3,3,0
18,18,18,18,4,1,78,18,18,18,18,3,3,0
18,18,18,18,4,1,79,18,18,18,18,3,3,0
18,18,18,18,4,1,80,18,18,18,18,3,3,0
18,18,18,18,4,1,81,18,18,18,18,0,3,0
18,18,18,18,4,1,82,18,18,18,18,0,3,0
18,18,18,18,4,1,83,18,18,18,18,3,3,0
18,18,18,18,4,1,84,18,18,18,18,0,3,0
18,18,18,18,4,1,85,18,18,18,18,3,3,0
18,18,18,18,4,1,86,18,18,18,18,0,3,0
18,18,18,18,4,1,87,18,18,18,18,3,3,0
18,18,18,18,4,1,88,18,18,18,18,3,3,0
18,18,18,18,4,1,89,18,18,18,18,3,3,0
18,18,18,18,4,1,90,18,18,18,18,3,3,0
18,18,18,18,4,1,91,18,18,18,18,3,3,0
18,18,18,18,4,1,92,18,18,18,18,3,3,0
18,18,18,18,4,1,93,18,18,18,18,3,3,0
18,18,18,18,4,1,94,18,18,18,18,0,3,0
18,18,18,18,4,1,95,18,18,18,18,3,3,3
18,18,18,18,4,1,96,18,18,18,18,3,3,0
18,18,18,18,4,1,97,18,18,18,18,3,3,0
18,18,18,18,4,1,98,18,18,18,18,3,3,0
18,18,18,18,4,1,99,18,18,18,18,3,3,0
18,18,18,18,4,1,100,18,18,18,18,3,3,0
19,19,19,19,4,1,1,19,19,19,19,3,3,0
19,19,19,19,4,1,2,19,19,19,19,3,3,0
19,19,19,19,4,1,3,19,19,19,19,3,3,0
19,19,19,19,4,1,4,19,19,19,19,3,3,0
19,19,19,19,4,1,5,19,19,19,19,3,3,0
19,19,19,19,4,1,6,19,19,19,19,0,3,0
19,19,19,19,4,1,7,19,19,19,19,3,3,0
19,19,19,19,4,1,8,19,19,19,19,3,3,0
19,19,19,19,4,1,9,19,19,19,19,3,3,0
19,19,19,19,4,1,10,19,19,19,19,3,3,0
19,19,19,19,4,1,11,19,19,19,19,3,3,0
19,19,19,19,4,1,12,19,19,19,19,3,3,0
19,19,19,19,4,1,13,19,19,19,19,3,3,3
19,19,19,19,4,1,14,19,19,19,19,3,3,0
19,19,19,19,4,1,15,19,19,19,19,3,3,0
19,19,19,19,4,1,16,19,19,19,19,3,3,0
19,19,19,19,4,1,17,19,19,19,19,3,3,0
19,19,19,19,4,1,18,19,19,19,19,3,3,0
19,19,19,19,4,1,19,19,19,19,19,0,3,0
19,19,19,19,4,1,20,19,19,19,19,3,3,0
19,19,19,19,4,1,21,19,19,19,19,3,3,0
19,19,19,19,4,1,22,19,19,19,19,3,3,3
19,19,19,19,4,1,23,19,19,19,19,3,3,3
19,19,19,19,4,1,24,19,19,19,19,3,3,3
19,19,19,19,4,1,25,19,19,19,19,3,3,0
19,19,19,19,4,1,26,19,19,19,19,3,3,0
19,19,19,19,4,1,27,19,19,19,19,3,3,0
19,19,19,19,4,1,28,19,19,19,19,3,3,0
19,19,19,19,4,1,29,19,19,19,19,3,3,0
19,19,19,19,4,1,30,19,19,19,19,3,3,3
19,19,19,19,4,1,31,19,19,19,19,3,3,0
19,19,19,19,4,1,32,19,19,19,19,3,3,0
19,19,19,19,4,1,33,19,19,19,19,3,3,0
19,19,19,19,4,1,34,19,19,19,19,3,1,3
19,19,19,19,4,1,35,19,19,19,19,3,1,0
19,19,19,19,4,1,36,19,19,19,19,3,3,0
19,19,19,19,4,1,37,19,19,19,19,3,3,0
19,19,19,19,4,1,38,19,19,19,19,3,3,3
19,19,19,19,4,1,39,19,19,19,19,3,3,0
19,19,19,19,4,1,40,19,19,19,19,3,3,3
19,19,19,19,4,1,41,19,19,19,19,3,3,3
19,19,19,19,4,1,42,19,19,19,19,3,3,0
19,19,19,19,4,1,43,19,19,19,19,3,3,0
19,19,19,19,4,1,44,19,19,19,19,3,3,0
19,19,19,19,4,1,45,19,19,19,19,3,3,0
19,19,19,19,4,1,46,19,19,19,19,3,3,0
19,19,19,19,4,1,47,19,19,19,19,3,3,0
19,19,19,19,4,1,48,19,19,19,19,3,3,0
19,19,19,19,4,1,49,19,19,19,19,3,3,0
19,19,19,19,4,1,50,19,19,19,19,3,3,0
19,19,19,19,4,1,51,19,19,19,19,3,3,0
19,19,19,19,4,1,52,19,19,19,19,3,3,3
19,19,19,19,4,1,53,19,19,19,19,3,3,0
19,19,19,19,4,1,54,19,19,19,19,3,3,0
19,19,19,19,4,1,55,19,19,19,19,3,3,0
19,19,19,19,4,1,56,19,19,19,19,3,3,0
19,19,19,19,4,1,57,19,19,19,19,0,3,0
19,19,19,19,4,1,58,19,19,19,19,3,3,0
19,19,19,19,4,1,59,19,19,19,19,3,3,0
19,19,19,19,4,1,60,19,19,19,19,3,3,0
19,19,19,19,4,1,61,19,19,19,19,3,3,0
19,19,19,19,4,1,62,19,19,19,19,3,3,0
19,19,19,19,4,1,63,19,19,19,19,3,3,0
19,19,19,19,4,1,64,19,19,19,19,0,3,0
19,19,19,19,4,1,65,19,19,19,19,0,3,0
19,19,19,19,4,1,66,19,19,19,19,3,3,0
19,19,19,19,4,1,67,19,19,19,19,3,3,0
19,19,19,19,4,1,68,19,19,19,19,3,3,0
19,19,19,19,4,1,69,19,19,19,19,3,3,0
19,19,19,19,4,1,70,19,19,19,19,3,3,0
19,19,19,19,4,1,71,19,19,19,19,3,3,0
19,19,19,19,4,1,72,19,19,19,19,3,3,3
19,19,19,19,4,1,73,19,19,19,19,3,3,3
19,19,19,19,4,1,74,19,19,19,19,3,3,0
19,19,19,19,4,1,75,19,19,19,19,3,3,0
19,19,19,19,4,1,76,19,19,19,19,3,3,0
19,19,19,19,4,1,77,19,19,19,19,3,3,0
19,19,19,19,4,1,78,19,19,19,19,3,3,0
19,19,19,19,4,1,79,19,19,19,19,3,3,0
19,19,19,19,4,1,80,19,19,19,19,3,3,0
19,19,19,19,4,1,81,19,19,19,19,0,3,0
19,19,19,19,4,1,82,19,19,19,19,3,3,0
19,19,19,19,4,1,83,19,19,19,19,3,3,0
19,19,19,19,4,1,84,19,19,19,19,3,3,0
19,19,19,19,4,1,85,19,19,19,19,3,3,3
19,19,19,19,4,1,86,19,19,19,19,3,3,0
19,19,19,19,4,1,87,19,19,19,19,3,3,3
19,19,19,19,4,1,88,19,19,19,19,3,3,0
19,19,19,19,4,1,89,19,19,19,19,3,3,3
19,19,19,19,4,1,90,19,19,19,19,3,3,0
19,19,19,19,4,1,91,19,19,19,19,0,3,0
19,19,19,19,4,1,92,19,19,19,19,0,3,0
19,19,19,19,4,1,93,19,19,19,19,3,3,0
19,19,19,19,4,1,94,19,19,19,19,3,3,0
19,19,19,19,4,1,95,19,19,19,19,3,3,3
19,19,19,19,4,1,96,19,19,19,19,3,3,0
19,19,19,19,4,1,97,19,19,19,19,3,3,0
19,19,19,19,4,1,98,19,19,19,19,3,3,0
19,19,19,19,4,1,99,19,19,19,19,3,3,3
19,19,19,19,4,1,100,19,19,19,19,3,3,0
20,20,20,20,4,1,1,20,20,20,20,3,3,0
20,20,20,20,4,1,2,20,20,20,20,3,3,0
20,20,20,20,4,1,3,20,20,20,20,3,3,3
20,20,20,20,4,1,4,20,20,20,20,3,3,3
20,20,20,20,4,1,5,20,20,20,20,3,3,0
20,20,20,20,4,1,6,20,20,20,20,3,3,3
20,20,20,20,4,1,7,20,20,20,20,3,3,0
20,20,20,20,4,1,8,20,20,20,20,3,3,0
20,20,20,20,4,1,9,20,20,20,20,3,3,0
20,20,20,20,4,1,10,20,20,20,20,3,3,0
20,20,20,20,4,1,11,20,20,20,20,3,3,3
20,20,20,20,4,1,12,20,20,20,20,3,3,0
20,20,20,20,4,1,13,20,20,20,20,3,3,0
20,20,20,20,4,1,14,20,20,20,20,3,3,3
20,20,20,20,4,1,15,20,20,20,20,3,3,0
20,20,20,20,4,1,16,20,20,20,20,3,3,0
20,20,20,20,4,1,17,20,20,20,20,0,3,0
20,20,20,20,4,1,18,20,20,20,20,3,3,0
20,20,20,20,4,1,19,20,20,20,20,3,3,0
20,20,20,20,4,1,20,20,20,20,20,3,3,0
20,20,20,20,4,1,21,20,20,20,20,1,1,3
20,20,20,20,4,1,22,20,20,20,20,3,3,0
20,20,20,20,4,1,23,20,20,20,20,3,3,0
20,20,20,20,4,1,24,20,20,20,20,3,3,0
20,20,20,20,4,1,25,20,20,20,20,3,3,3
20,20,20,20,4,1,26,20,20,20,20,1,1,3
20,20,20,20,4,1,27,20,20,20,20,3,3,0
20,20,20,20,4,1,28,20,20,20,20,3,3,0
20,20,20,20,4,1,29,20,20,20,20,3,3,0
20,20,20,20,4,1,30,20,20,20,20,3,3,3
20,20,20,20,4,1,31,20,20,20,20,3,3,0
20,20,20,20,4,1,32,20,20,20,20,3,3,0
20,20,20,20,4,1,33,20,20,20,20,3,3,0
20,20,20,20,4,1,34,20,20,20,20,3,3,3
20,20,20,20,4,1,35,20,20,20,20,3,3,3
20,20,20,20,4,1,36,20,20,20,20,3,3,0
20,20,20,20,4,1,37,20,20,20,20,3,3,0
20,20,20,20,4,1,38,20,20,20,20,1,1,3
20,20,20,20,4,1,39,20,20,20,20,3,3,3
20,20,20,20,4,1,40,20,20,20,20,3,1,0
20,20,20,20,4,1,41,20,20,20,20,3,3,0
20,20,20,20,4,1,42,20,20,20,20,3,3,0
20,20,20,20,4,1,43,20,20,20,20,3,3,3
20,20,20,20,4,1,44,20,20,20,20,3,3,3
20,20,20,20,4,1,45,20,20,20,20,3,3,0
20,20,20,20,4,1,46,20,20,20,20,3,3,0
20,20,20,20,4,1,47,20,20,20,20,3,3,0
20,20,20,20,4,1,48,20,20,20,20,3,3,0
20,20,20,20,4,1,49,20,20,20,20,3,3,0
20,20,20,20,4,1,50,20,20,20,20,3,3,0
20,20,20,20,4,1,51,20,20,20,20,1,1,3
20,20,20,20,4,1,52,20,20,20,20,3,3,0
20,20,20,20,4,1,53,20,20,20,20,3,3,3
20,20,20,20,4,1,54,20,20,20,20,3,3,3
20,20,20,20,4,1,55,20,20,20,20,3,3,0
20,20,20,20,4,1,56,20,20,20,20,3,3,0
20,20,20,20,4,1,57,20,20,20,20,3,3,0
20,20,20,20,4,1,58,20,20,20,20,3,3,0
20,20,20,20,4,1,59,20,20,20,20,3,3,0
20,20,20,20,4,1,60,20,20,20,20,3,3,3
20,20,20,20,4,1,61,20,20,20,20,3,3,0
20,20,20,20,4,1,62,20,20,20,20,3,3,0
20,20,20,20,4,1,63,20,20,20,20,3,3,0
20,20,20,20,4,1,64,20,20,20,20,3,3,0
20,20,20,20,4,1,65,20,20,20,20,3,3,0
20,20,20,20,4,1,66,20,20,20,20,3,3,0
20,20,20,20,4,1,67,20,20,20,20,3,3,0
20,20,20,20,4,1,68,20,20,20,20,3,3,3
20,20,20,20,4,1,69,20,20,20,20,3,3,0
20,20,20,20,4,1,70,20,20,20,20,1,1,3
20,20,20,20,4,1,71,20,20,20,20,3,3,0
20,20,20,20,4,1,72,20,20,20,20,1,1,3
20,20,20,20,4,1,73,20,20,20,20,3,3,0
20,20,20,20,4,1,74,20,20,20,20,3,3,0
20,20,20,20,4,1,75,20,20,20,20,3,3,0
20,20,20,20,4,1,76,20,20,20,20,3,3,0
20,20,20,20,4,1,77,20,20,20,20,3,3,0
20,20,20,20,4,1,78,20,20,20,20,3,3,0
20,20,20,20,4,1,79,20,20,20,20,3,3,0
20,20,20,20,4,1,80,20,20,20,20,3,3,0
20,20,20,20,4,1,81,20,20,20,20,3,3,0
20,20,20,20,4,1,82,20,20,20,20,3,3,0
20,20,20,20,4,1,83,20,20,20,20,3,3,0
20,20,20,20,4,1,84,20,20,20,20,3,3,0
20,20,20,20,4,1,85,20,20,20,20,3,3,0
20,20,20,20,4,1,86,20,20,20,20,3,3,0
20,20,20,20,4,1,87,20,20,20,20,3,3,3
20,20,20,20,4,1,88,20,20,20,20,3,3,3
20,20,20,20,4,1,89,20,20,20,20,3,3,3
20,20,20,20,4,1,90,20,20,20,20,3,1,0
20,20,20,20,4,1,91,20,20,20,20,3,3,3
20,20,20,20,4,1,92,20,20,20,20,3,3,0
20,20,20,20,4,1,93,20,20,20,20,3,3,0
20,20,20,20,4,1,94,20,20,20,20,3,3,0
20,20,20,20,4,1,95,20,20,20,20,3,3,0
20,20,20,20,4,1,96,20,20,20,20,3,3,0
20,20,20,20,4,1,97,20,20,20,20,3,3,0
20,20,20,20,4,1,98,20,20,20,20,3,3,3
20,20,20,20,4,1,99,20,20,20,20,3,3,3
20,20,20,20,4,1,100,20,20,20,20,3,3,3
21,21,21,21,4,1,1,21,21,21,21,3,3,3
21,21,21,21,4,1,2,21,21,21,21,1,3,3
21,21,21,21,4,1,3,21,21,21,21,3,3,3
21,21,21,21,4,1,4,21,21,21,21,3,3,0
21,21,21,21,4,1,5,21,21,21,21,3,3,0
21,21,21,21,4,1,6,21,21,21,21,3,3,3
21,21,21,21,4,1,7,21,21,21,21,3,3,0
21,21,21,21,4,1,8,21,21,21,21,3,3,3
21,21,21,21,4,1,9,21,21,21,21,3,3,0
21,21,21,21,4,1,10,21,21,21,21,1,1,3
21,21,21,21,4,1,11,21,21,21,21,3,3,3
21,21,21,21,4,1,12,21,21,21,21,3,3,3
21,21,21,21,4,1,13,21,21,21,21,3,3,0
21,21,21,21,4,1,14,21,21,21,21,3,3,3
21,21,21,21,4,1,15,21,21,21,21,3,3,3
21,21,21,21,4,1,16,21,21,21,21,3,3,3
21,21,21,21,4,1,17,21,21,21,21,3,1,3
21,21,21,21,4,1,18,21,21,21,21,3,3,3
21,21,21,21,4,1,19,21,21,21,21,3,3,0
21,21,21,21,4,1,20,21,21,21,21,3,3,3
21,21,21,21,4,1,21,21,21,21,21,3,3,3
21,21,21,21,4,1,22,21,21,21,21,3,3,3
21,21,21,21,4,1,23,21,21,21,21,3,3,3
21,21,21,21,4,1,24,21,21,21,21,3,3,3
21,21,21,21,4,1,25,21,21,21,21,3,3,3
21,21,21,21,4,1,26,21,21,21,21,3,3,0
21,21,21,21,4,1,27,21,21,21,21,1,1,3
21,21,21,21,4,1,28,21,21,21,21,3,3,3
21,21,21,21,4,1,29,21,21,21,21,3,3,0
21,21,21,21,4,1,30,21,21,21,21,3,3,3
21,21,21,21,4,1,31,21,21,21,21,3,3,3
21,21,21,21,4,1,32,21,21,21,21,3,3,3
21,21,21,21,4,1,33,21,21,21,21,3,3,3
21,21,21,21,4,1,34,21,21,21,21,3,3,3
21,21,21,21,4,1,35,21,21,21,21,3,3,3
21,21,21,21,4,1,36,21,21,21,21,3,3,3
21,21,21,21,4,1,37,21,21,21,21,3,3,0
21,21,21,21,4,1,38,21,21,21,21,1,1,3
21,21,21,21,4,1,39,21,21,21,21,3,3,0
21,21,21,21,4,1,40,21,21,21,21,3,3,3
21,21,21,21,4,1,41,21,21,21,21,3,3,3
21,21,21,21,4,1,42,21,21,21,21,3,3,0
21,21,21,21,4,1,43,21,21,21,21,3,3,3
21,21,21,21,4,1,44,21,21,21,21,3,3,0
21,21,21,21,4,1,45,21,21,21,21,3,3,0
21,21,21,21,4,1,46,21,21,21,21,1,3,3
21,21,21,21,4,1,47,21,21,21,21,3,3,0
21,21,21,21,4,1,48,21,21,21,21,3,3,3
21,21,21,21,4,1,49,21,21,21,21,3,3,0
21,21,21,21,4,1,50,21,21,21,21,3,3,3
21,21,21,21,4,1,51,21,21,21,21,3,3,0
21,21,21,21,4,1,52,21,21,21,21,3,3,3
21,21,21,21,4,1,53,21,21,21,21,3,3,3
21,21,21,21,4,1,54,21,21,21,21,3,3,3
21,21,21,21,4,1,55,21,21,21,21,3,3,3
21,21,21,21,4,1,56,21,21,21,21,3,3,3
21,21,21,21,4,1,57,21,21,21,21,1,1,3
21,21,21,21,4,1,58,21,21,21,21,3,3,3
21,21,21,21,4,1,59,21,21,21,21,3,3,3
21,21,21,21,4,1,60,21,21,21,21,3,3,0
21,21,21,21,4,1,61,21,21,21,21,3,3,3
21,21,21,21,4,1,62,21,21,21,21,3,3,0
21,21,21,21,4,1,63,21,21,21,21,3,3,0
21,21,21,21,4,1,64,21,21,21,21,3,3,3
21,21,21,21,4,1,65,21,21,21,21,3,3,0
21,21,21,21,4,1,66,21,21,21,21,3,3,3
21,21,21,21,4,1,67,21,21,21,21,3,3,3
21,21,21,21,4,1,68,21,21,21,21,3,3,3
21,21,21,21,4,1,69,21,21,21,21,3,3,3
21,21,21,21,4,1,70,21,21,21,21,3,1,3
21,21,21,21,4,1,71,21,21,21,21,3,3,0
21,21,21,21,4,1,72,21,21,21,21,3,3,3
21,21,21,21,4,1,73,21,21,21,21,3,3,0
21,21,21,21,4,1,74,21,21,21,21,3,1,3
21,21,21,21,4,1,75,21,21,21,21,3,3,3
21,21,21,21,4,1,76,21,21,21,21,3,3,3
21,21,21,21,4,1,77,21,21,21,21,3,3,3
21,21,21,21,4,1,78,21,21,21,21,3,3,0
21,21,21,21,4,1,79,21,21,21,21,3,3,0
21,21,21,21,4,1,80,21,21,21,21,3,3,3
21,21,21,21,4,1,81,21,21,21,21,3,3,3
21,21,21,21,4,1,82,21,21,21,21,3,3,0
21,21,21,21,4,1,83,21,21,21,21,3,3,3
21,21,21,21,4,1,84,21,21,21,21,3,3,3
21,21,21,21,4,1,85,21,21,21,21,3,3,3
21,21,21,21,4,1,86,21,21,21,21,3,3,0
21,21,21,21,4,1,87,21,21,21,21,3,3,0
21,21,21,21,4,1,88,21,21,21,21,3,3,3
21,21,21,21,4,1,89,21,21,21,21,3,3,0
21,21,21,21,4,1,90,21,21,21,21,3,3,3
21,21,21,21,4,1,91,21,21,21,21,1,1,3
21,21,21,21,4,1,92,21,21,21,21,3,3,3
21,21,21,21,4,1,93,21,21,21,21,3,3,3
21,21,21,21,4,1,94,21,21,21,21,3,3,3
21,21,21,21,4,1,95,21,21,21,21,1,1,3
21,21,21,21,4,1,96,21,21,21,21,3,3,0
21,21,21,21,4,1,97,21,21,21,21,3,3,3
21,21,21,21,4,1,98,21,21,21,21,3,3,0
21,21,21,21,4,1,99,21,21,21,21,3,3,0
21,21,21,21,4,1,100,21,21,21,21,3,3,0
22,22,22,22,4,1,1,22,22,22,22,1,1,3
22,22,22,22,4,1,2,22,22,22,22,3,3,3
22,22,22,22,4,1,3,22,22,22,22,3,3,3
22,22,22,22,4,1,4,22,22,22,22,1,1,1
22,22,22,22,4,1,5,22,22,22,22,3,1,3
22,22,22,22,4,1,6,22,22,22,22,3,3,3
22,22,22,22,4,1,7,22,22,22,22,3,3,3
22,22,22,22,4,1,8,22,22,22,22,3,1,1
22,22,22,22,4,1,9,22,22,22,22,3,3,3
22,22,22,22,4,1,10,22,22,22,22,3,1,3
22,22,22,22,4,1,11,22,22,22,22,3,3,3
22,22,22,22,4,1,12,22,22,22,22,1,1,3
22,22,22,22,4,1,13,22,22,22,22,1,1,3
22,22,22,22,4,1,14,22,22,22,22,3,1,3
22,22,22,22,4,1,15,22,22,22,22,3,3,3
22,22,22,22,4,1,16,22,22,22,22,3,1,3
22,22,22,22,4,1,17,22,22,22,22,3,3,3
22,22,22,22,4,1,18,22,22,22,22,3,1,3
22,22,22,22,4,1,19,22,22,22,22,3,1,3
22,22,22,22,4,1,20,22,22,22,22,3,3,3
22,22,22,22,4,1,21,22,22,22,22,3,3,3
22,22,22,22,4,1,22,22,22,22,22,3,1,3
22,22,22,22,4,1,23,22,22,22,22,3,3,3
22,22,22,22,4,1,24,22,22,22,22,1,1,3
22,22,22,22,4,1,25,22,22,22,22,3,3,3
22,22,22,22,4,1,26,22,22,22,22,1,1,1
22,22,22,22,4,1,27,22,22,22,22,3,3,3
22,22,22,22,4,1,28,22,22,22,22,1,1,1
22,22,22,22,4,1,29,22,22,22,22,3,3,3
22,22,22,22,4,1,30,22,22,22,22,3,1,3
22,22,22,22,4,1,31,22,22,22,22,3,3,3
22,22,22,22,4,1,32,22,22,22,22,3,3,3
22,22,22,22,4,1,33,22,22,22,22,3,3,3
22,22,22,22,4,1,34,22,22,22,22,1,1,1
22,22,22,22,4,1,35,22,22,22,22,3,1,3
22,22,22,22,4,1,36,22,22,22,22,3,3,3
22,22,22,22,4,1,37,22,22,22,22,3,1,3
22,22,22,22,4,1,38,22,22,22,22,1,1,1
22,22,22,22,4,1,39,22,22,22,22,3,1,3
22,22,22,22,4,1,40,22,22,22,22,3,3,3
22,22,22,22,4,1,41,22,22,22,22,3,3,3
22,22,22,22,4,1,42,22,22,22,22,3,1,3
22,22,22,22,4,1,43,22,22,22,22,3,3,0
22,22,22,22,4,1,44,22,22,22,22,3,3,3
22,22,22,22,4,1,45,22,22,22,22,3,3,0
22,22,22,22,4,1,46,22,22,22,22,3,3,3
22,22,22,22,4,1,47,22,22,22,22,3,3,3
22,22,22,22,4,1,48,22,22,22,22,3,3,3
22,22,22,22,4,1,49,22,22,22,22,3,3,3
22,22,22,22,4,1,50,22,22,22,22,3,3,0
22,22,22,22,4,1,51,22,22,22,22,3,3,3
22,22,22,22,4,1,52,22,22,22,22,3,3,3
22,22,22,22,4,1,53,22,22,22,22,3,1,3
22,22,22,22,4,1,54,22,22,22,22,3,3,3
22,22,22,22,4,1,55,22,22,22,22,3,1,3
22,22,22,22,4,1,56,22,22,22,22,3,3,0
22,22,22,22,4,1,57,22,22,22,22,3,3,0
22,22,22,22,4,1,58,22,22,22,22,3,3,3
22,22,22,22,4,1,59,22,22,22,22,3,3,3
22,22,22,22,4,1,60,22,22,22,22,3,3,0
22,22,22,22,4,1,61,22,22,22,22,3,3,0
22,22,22,22,4,1,62,22,22,22,22,3,3,3
22,22,22,22,4,1,63,22,22,22,22,3,3,3
22,22,22,22,4,1,64,22,22,22,22,1,1,1
22,22,22,22,4,1,65,22,22,22,22,1,1,1
22,22,22,22,4,1,66,22,22,22,22,1,1,1
22,22,22,22,4,1,67,22,22,22,22,1,1,1
22,22,22,22,4,1,68,22,22,22,22,3,3,3
22,22,22,22,4,1,69,22,22,22,22,3,1,3
22,22,22,22,4,1,70,22,22,22,22,3,3,3
22,22,22,22,4,1,71,22,22,22,22,3,3,3
22,22,22,22,4,1,72,22,22,22,22,3,3,3
22,22,22,22,4,1,73,22,22,22,22,3,3,3
22,22,22,22,4,1,74,22,22,22,22,3,3,3
22,22,22,22,4,1,75,22,22,22,22,3,3,3
22,22,22,22,4,1,76,22,22,22,22,3,3,3
22,22,22,22,4,1,77,22,22,22,22,3,1,3
22,22,22,22,4,1,78,22,22,22,22,1,1,3
22,22,22,22,4,1,79,22,22,22,22,3,3,3
22,22,22,22,4,1,80,22,22,22,22,3,3,3
22,22,22,22,4,1,81,22,22,22,22,3,3,0
22,22,22,22,4,1,82,22,22,22,22,3,1,3
22,22,22,22,4,1,83,22,22,22,22,3,3,3
22,22,22,22,4,1,84,22,22,22,22,3,3,3
22,22,22,22,4,1,85,22,22,22,22,3,3,3
22,22,22,22,4,1,86,22,22,22,22,3,3,3
22,22,22,22,4,1,87,22,22,22,22,3,3,3
22,22,22,22,4,1,88,22,22,22,22,3,3,3
22,22,22,22,4,1,89,22,22,22,22,1,1,1
22,22,22,22,4,1,90,22,22,22,22,3,1,3
22,22,22,22,4,1,91,22,22,22,22,3,3,0
22,22,22,22,4,1,92,22,22,22,22,3,1,3
22,22,22,22,4,1,93,22,22,22,22,3,3,3
22,22,22,22,4,1,94,22,22,22,22,3,3,3
22,22,22,22,4,1,95,22,22,22,22,3,3,3
22,22,22,22,4,1,96,22,22,22,22,3,3,0
22,22,22,22,4,1,97,22,22,22,22,3,3,3
22,22,22,22,4,1,98,22,22,22,22,3,3,0
22,22,22,22,4,1,99,22,22,22,22,3,1,3
22,22,22,22,4,1,100,22,22,22,22,3,3,3
23,23,23,23,4,1,1,23,23,23,23,3,1,3
23,23,23,23,4,1,2,23,23,23,23,3,1,3
23,23,23,23,4,1,3,23,23,23,23,1,1,1
23,23,23,23,4,1,4,23,23,23,23,1,1,3
23,23,23,23,4,1,5,23,23,23,23,1,1,3
23,23,23,23,4,1,6,23,23,23,23,3,1,1
23,23,23,23,4,1,7,23,23,23,23,3,1,3
23,23,23,23,4,1,8,23,23,23,23,3,1,3
23,23,23,23,4,1,9,23,23,23,23,1,1,1
23,23,23,23,4,1,10,23,23,23,23,1,1,1
23,23,23,23,4,1,11,23,23,23,23,1,1,1
23,23,23,23,4,1,12,23,23,23,23,3,3,3
23,23,23,23,4,1,13,23,23,23,23,1,1,1
23,23,23,23,4,1,14,23,23,23,23,3,1,3
23,23,23,23,4,1,15,23,23,23,23,3,1,3
23,23,23,23,4,1,16,23,23,23,23,3,1,3
23,23,23,23,4,1,17,23,23,23,23,3,1,1
23,23,23,23,4,1,18,23,23,23,23,3,1,3
23,23,23,23,4,1,19,23,23,23,23,3,3,3
23,23,23,23,4,1,20,23,23,23,23,1,1,1
23,23,23,23,4,1,21,23,23,23,23,1,1,1
23,23,23,23,4,1,22,23,23,23,23,1,1,3
23,23,23,23,4,1,23,23,23,23,23,3,1,3
23,23,23,23,4,1,24,23,23,23,23,3,1,3
23,23,23,23,4,1,25,23,23,23,23,1,1,1
23,23,23,23,4,1,26,23,23,23,23,3,1,3
23,23,23,23,4,1,27,23,23,23,23,3,1,3
23,23,23,23,4,1,28,23,23,23,23,3,1,3
23,23,23,23,4,1,29,23,23,23,23,1,1,1
23,23,23,23,4,1,30,23,23,23,23,3,1,3
23,23,23,23,4,1,31,23,23,23,23,3,1,3
23,23,23,23,4,1,32,23,23,23,23,1,1,3
23,23,23,23,4,1,33,23,23,23,23,3,1,3
23,23,23,23,4,1,34,23,23,23,23,1,1,1
23,23,23,23,4,1,35,23,23,23,23,3,1,3
23,23,23,23,4,1,36,23,23,23,23,3,1,3
23,23,23,23,4,1,37,23,23,23,23,1,1,1
23,23,23,23,4,1,38,23,23,23,23,1,1,1
23,23,23,23,4,1,39,23,23,23,23,1,1,1
23,23,23,23,4,1,40,23,23,23,23,1,1,1
23,23,23,23,4,1,41,23,23,23,23,1,1,1
23,23,23,23,4,1,42,23,23,23,23,3,3,3
23,23,23,23,4,1,43,23,23,23,23,3,1,3
23,23,23,23,4,1,44,23,23,23,23,1,1,1
23,23,23,23,4,1,45,23,23,23,23,3,1,3
23,23,23,23,4,1,46,23,23,23,23,1,1,1
23,23,23,23,4,1,47,23,23,23,23,1,1,1
23,23,23,23,4,1,48,23,23,23,23,1,1,1
23,23,23,23,4,1,49,23,23,23,23,1,1,1
23,23,23,23,4,1,50,23,23,23,23,3,1,3
23,23,23,23,4,1,51,23,23,23,23,1,1,3
23,23,23,23,4,1,52,23,23,23,23,3,3,3
23,23,23,23,4,1,53,23,23,23,23,3,1,3
23,23,23,23,4,1,54,23,23,23,23,1,1,1
23,23,23,23,4,1,55,23,23,23,23,1,1,1
23,23,23,23,4,1,56,23,23,23,23,3,1,1
23,23,23,23,4,1,57,23,23,23,23,3,3,3
23,23,23,23,4,1,58,23,23,23,23,3,3,3
23,23,23,23,4,1,59,23,23,23,23,1,1,3
23,23,23,23,4,1,60,23,23,23,23,3,3,3
23,23,23,23,4,1,61,23,23,23,23,1,1,1
23,23,23,23,4,1,62,23,23,23,23,3,3,3
23,23,23,23,4,1,63,23,23,23,23,3,3,3
23,23,23,23,4,1,64,23,23,23,23,1,1,1
23,23,23,23,4,1,65,23,23,23,23,3,1,3
23,23,23,23,4,1,66,23,23,23,23,3,3,3
23,23,23,23,4,1,67,23,23,23,23,3,1,3
23,23,23,23,4,1,68,23,23,23,23,3,1,3
23,23,23,23,4,1,69,23,23,23,23,1,1,1
23,23,23,23,4,1,70,23,23,23,23,1,1,1
23,23,23,23,4,1,71,23,23,23,23,1,3,3
23,23,23,23,4,1,72,23,23,23,23,3,1,3
23,23,23,23,4,1,73,23,23,23,23,1,1,1
23,23,23,23,4,1,74,23,23,23,23,3,1,3
23,23,23,23,4,1,75,23,23,23,23,1,1,1
23,23,23,23,4,1,76,23,23,23,23,3,1,3
23,23,23,23,4,1,77,23,23,23,23,1,1,1
23,23,23,23,4,1,78,23,23,23,23,1,1,1
23,23,23,23,4,1,79,23,23,23,23,3,1,3
23,23,23,23,4,1,80,23,23,23,23,1,1,1
23,23,23,23,4,1,81,23,23,23,23,3,3,3
23,23,23,23,4,1,82,23,23,23,23,3,3,3
23,23,23,23,4,1,83,23,23,23,23,1,1,1
23,23,23,23,4,1,84,23,23,23,23,3,1,3
23,23,23,23,4,1,85,23,23,23,23,3,1,1
23,23,23,23,4,1,86,23,23,23,23,3,3,3
23,23,23,23,4,1,87,23,23,23,23,3,1,3
23,23,23,23,4,1,88,23,23,23,23,3,1,1
23,23,23,23,4,1,89,23,23,23,23,1,1,1
23,23,23,23,4,1,90,23,23,23,23,3,1,3
23,23,23,23,4,1,91,23,23,23,23,1,1,1
23,23,23,23,4,1,92,23,23,23,23,3,3,3
23,23,23,23,4,1,93,23,23,23,23,3,3,3
23,23,23,23,4,1,94,23,23,23,23,3,1,3
23,23,23,23,4,1,95,23,23,23,23,1,1,3
23,23,23,23,4,1,96,23,23,23,23,3,3,3
23,23,23,23,4,1,97,23,23,23,23,1,1,3
23,23,23,23,4,1,98,23,23,23,23,3,1,3
23,23,23,23,4,1,99,23,23,23,23,3,1,1
23,23,23,23,4,1,100,23,23,23,23,1,1,1
24,24,24,24,4,1,1,24,24,24,24,1,1,1
24,24,24,24,4,1,2,24,24,24,24,1,1,1
24,24,24,24,4,1,3,24,24,24,24,1,1,1
24,24,24,24,4,1,4,24,24,24,24,1,1,3
24,24,24,24,4,1,5,24,24,24,24,1,1,3
24,24,24,24,4,1,6,24,24,24,24,1,1,3
24,24,24,24,4,1,7,24,24,24,24,1,1,1
24,24,24,24,4,1,8,24,24,24,24,1,1,3
24,24,24,24,4,1,9,24,24,24,24,1,1,1
24,24,24,24,4,1,10,24,24,24,24,1,1,1
24,24,24,24,4,1,11,24,24,24,24,1,1,1
24,24,24,24,4,1,12,24,24,24,24,1,1,3
24,24,24,24,4,1,13,24,24,24,24,1,1,1
24,24,24,24,4,1,14,24,24,24,24,1,1,1
24,24,24,24,4,1,15,24,24,24,24,1,1,3
24,24,24,24,4,1,16,24,24,24,24,1,1,1
24,24,24,24,4,1,17,24,24,24,24,1,1,3
24,24,24,24,4,1,18,24,24,24,24,1,1,3
24,24,24,24,4,1,19,24,24,24,24,1,1,1
24,24,24,24,4,1,20,24,24,24,24,1,3,3
24,24,24,24,4,1,21,24,24,24,24,1,1,1
24,24,24,24,4,1,22,24,24,24,24,1,1,3
24,24,24,24,4,1,23,24,24,24,24,1,1,1
24,24,24,24,4,1,24,24,24,24,24,1,1,3
24,24,24,24,4,1,25,24,24,24,24,1,1,3
24,24,24,24,4,1,26,24,24,24,24,1,1,1
24,24,24,24,4,1,27,24,24,24,24,1,1,3
24,24,24,24,4,1,28,24,24,24,24,1,1,3
24,24,24,24,4,1,29,24,24,24,24,1,1,3
24,24,24,24,4,1,30,24,24,24,24,1,1,3
24,24,24,24,4,1,31,24,24,24,24,1,1,1
24,24,24,24,4,1,32,24,24,24,24,1,1,3
24,24,24,24,4,1,33,24,24,24,24,1,1,1
24,24,24,24,4,1,34,24,24,24,24,1,1,3
24,24,24,24,4,1,35,24,24,24,24,1,1,3
24,24,24,24,4,1,36,24,24,24,24,1,1,1
24,24,24,24,4,1,37,24,24,24,24,1,1,3
24,24,24,24,4,1,38,24,24,24,24,1,1,1
24,24,24,24,4,1,39,24,24,24,24,1,1,1
24,24,24,24,4,1,40,24,24,24,24,1,1,3
24,24,24,24,4,1,41,24,24,24,24,1,1,1
24,24,24,24,4,1,42,24,24,24,24,1,1,3
24,24,24,24,4,1,43,24,24,24,24,1,1,3
24,24,24,24,4,1,44,24,24,24,24,1,1,1
24,24,24,24,4,1,45,24,24,24,24,1,1,3
24,24,24,24,4,1,46,24,24,24,24,1,1,1
24,24,24,24,4,1,47,24,24,24,24,1,1,1
24,24,24,24,4,1,48,24,24,24,24,1,1,1
24,24,24,24,4,1,49,24,24,24,24,1,1,1
24,24,24,24,4,1,50,24,24,24,24,1,1,1
24,24,24,24,4,1,51,24,24,24,24,1,1,1
24,24,24,24,4,1,52,24,24,24,24,1,1,3
24,24,24,24,4,1,53,24,24,24,24,1,1,1
24,24,24,24,4,1,54,24,24,24,24,1,1,3
24,24,24,24,4,1,55,24,24,24,24,1,1,1
24,24,24,24,4,1,56,24,24,24,24,1,1,3
24,24,24,24,4,1,57,24,24,24,24,1,1,1
24,24,24,24,4,1,58,24,24,24,24,1,1,1
24,24,24,24,4,1,59,24,24,24,24,1,1,3
24,24,24,24,4,1,60,24,24,24,24,1,1,1
24,24,24,24,4,1,61,24,24,24,24,1,1,3
24,24,24,24,4,1,62,24,24,24,24,1,1,1
24,24,24,24,4,1,63,24,24,24,24,1,1,1
24,24,24,24,4,1,64,24,24,24,24,1,1,1
24,24,24,24,4,1,65,24,24,24,24,1,1,3
24,24,24,24,4,1,66,24,24,24,24,1,1,1
24,24,24,24,4,1,67,24,24,24,24,1,1,1
24,24,24,24,4,1,68,24,24,24,24,1,1,1
24,24,24,24,4,1,69,24,24,24,24,1,1,1
24,24,24,24,4,1,70,24,24,24,24,1,1,1
24,24,24,24,4,1,71,24,24,24,24,1,1,1
24,24,24,24,4,1,72,24,24,24,24,3,1,3
24,24,24,24,4,1,73,24,24,24,24,1,1,1
24,24,24,24,4,1,74,24,24,24,24,1,1,1
24,24,24,24,4,1,75,24,24,24,24,1,1,1
24,24,24,24,4,1,76,24,24,24,24,1,1,1
24,24,24,24,4,1,77,24,24,24,24,1,1,1
24,24,24,24,4,1,78,24,24,24,24,1,1,3
24,24,24,24,4,1,79,24,24,24,24,1,1,1
24,24,24,24,4,1,80,24,24,24,24,1,1,1
24,24,24,24,4,1,81,24,24,24,24,1,1,1
24,24,24,24,4,1,82,24,24,24,24,1,1,1
24,24,24,24,4,1,83,24,24,24,24,1,1,1
24,24,24,24,4,1,84,24,24,24,24,1,1,1
24,24,24,24,4,1,85,24,24,24,24,1,1,3
24,24,24,24,4,1,86,24,24,24,24,1,1,1
24,24,24,24,4,1,87,24,24,24,24,1,1,3
24,24,24,24,4,1,88,24,24,24,24,1,1,1
24,24,24,24,4,1,89,24,24,24,24,1,1,1
24,24,24,24,4,1,90,24,24,24,24,1,1,1
24,24,24,24,4,1,91,24,24,24,24,1,1,3
24,24,24,24,4,1,92,24,24,24,24,1,1,1
24,24,24,24,4,1,93,24,24,24,24,1,1,1
24,24,24,24,4,1,94,24,24,24,24,1,1,1
24,24,24,24,4,1,95,24,24,24,24,1,1,1
24,24,24,24,4,1,96,24,24,24,24,1,1,3
24,24,24,24,4,1,97,24,24,24,24,1,1,1
24,24,24,24,4,1,98,24,24,24,24,1,1,3
24,24,24,24,4,1,99,24,24,24,24,1,1,1
24,24,24,24,4,1,100,24,24,24,24,1,1,1
25,25,25,25,4,1,1,25,25,25,25,1,1,1
25,25,25,25,4,1,2,25,25,25,25,1,1,1
25,25,25,25,4,1,3,25,25,25,25,1,1,1
25,25,25,25,4,1,4,25,25,25,25,1,1,1
25,25,25,25,4,1,5,25,25,25,25,1,1,1
25,25,25,25,4,1,6,25,25,25,25,1,1,3
25,25,25,25,4,1,7,25,25,25,25,1,1,1
25,25,25,25,4,1,8,25,25,25,25,1,1,1
25,25,25,25,4,1,9,25,25,25,25,1,1,1
25,25,25,25,4,1,10,25,25,25,25,1,1,1
25,25,25,25,4,1,11,25,25,25,25,1,1,1
25,25,25,25,4,1,12,25,25,25,25,1,1,1
25,25,25,25,4,1,13,25,25,25,25,1,1,1
25,25,25,25,4,1,14,25,25,25,25,1,1,1
25,25,25,25,4,1,15,25,25,25,25,1,1,3
25,25,25,25,4,1,16,25,25,25,25,1,1,1
25,25,25,25,4,1,17,25,25,25,25,1,1,1
25,25,25,25,4,1,18,25,25,25,25,1,1,1
25,25,25,25,4,1,19,25,25,25,25,1,1,1
25,25,25,25,4,1,20,25,25,25,25,1,1,1
25,25,25,25,4,1,21,25,25,25,25,1,1,1
25,25,25,25,4,1,22,25,25,25,25,1,1,1
25,25,25,25,4,1,23,25,25,25,25,1,1,1
25,25,25,25,4,1,24,25,25,25,25,1,1,1
25,25,25,25,4,1,25,25,25,25,25,1,1,1
25,25,25,25,4,1,26,25,25,25,25,1,1,1
25,25,25,25,4,1,27,25,25,25,25,1,1,1
25,25,25,25,4,1,28,25,25,25,25,1,1,1
25,25,25,25,4,1,29,25,25,25,25,1,1,1
25,25,25,25,4,1,30,25,25,25,25,1,1,1
25,25,25,25,4,1,31,25,25,25,25,1,1,1
25,25,25,25,4,1,32,25,25,25,25,1,1,1
25,25,25,25,4,1,33,25,25,25,25,1,1,1
25,25,25,25,4,1,34,25,25,25,25,1,1,1
25,25,25,25,4,1,35,25,25,25,25,1,1,1
25,25,25,25,4,1,36,25,25,25,25,1,1,1
25,25,25,25,4,1,37,25,25,25,25,1,1,1
25,25,25,25,4,1,38,25,25,25,25,1,1,1
25,25,25,25,4,1,39,25,25,25,25,1,1,3
25,25,25,25,4,1,40,25,25,25,25,1,1,1
25,25,25,25,4,1,41,25,25,25,25,1,1,1
25,25,25,25,4,1,42,25,25,25,25,1,1,1
25,25,25,25,4,1,43,25,25,25,25,1,1,1
25,25,25,25,4,1,44,25,25,25,25,1,1,1
25,25,25,25,4,1,45,25,25,25,25,1,1,1
25,25,25,25,4,1,46,25,25,25,25,1,1,1
25,25,25,25,4,1,47,25,25,25,25,1,1,1
25,25,25,25,4,1,48,25,25,25,25,1,1,1
25,25,25,25,4,1,49,25,25,25,25,1,1,1
25,25,25,25,4,1,50,25,25,25,25,1,1,1
25,25,25,25,4,1,51,25,25,25,25,1,1,1
25,25,25,25,4,1,52,25,25,25,25,1,1,1
25,25,25,25,4,1,53,25,25,25,25,1,1,1
25,25,25,25,4,1,54,25,25,25,25,1,1,1
25,25,25,25,4,1,55,25,25,25,25,1,1,1
25,25,25,25,4,1,56,25,25,25,25,1,1,3
25,25,25,25,4,1,57,25,25,25,25,1,1,1
25,25,25,25,4,1,58,25,25,25,25,1,1,1
25,25,25,25,4,1,59,25,25,25,25,1,1,1
25,25,25,25,4,1,60,25,25,25,25,1,1,1
25,25,25,25,4,1,61,25,25,25,25,1,1,1
25,25,25,25,4,1,62,25,25,25,25,1,1,1
25,25,25,25,4,1,63,25,25,25,25,1,1,1
25,25,25,25,4,1,64,25,25,25,25,1,1,1
25,25,25,25,4,1,65,25,25,25,25,1,1,1
25,25,25,25,4,1,66,25,25,25,25,1,1,1
25,25,25,25,4,1,67,25,25,25,25,1,1,1
25,25,25,25,4,1,68,25,25,25,25,1,1,1
25,25,25,25,4,1,69,25,25,25,25,1,1,1
25,25,25,25,4,1,70,25,25,25,25,1,1,1
25,25,25,25,4,1,71,25,25,25,25,1,1,1
25,25,25,25,4,1,72,25,25,25,25,1,1,1
25,25,25,25,4,1,73,25,25,25,25,1,1,1
25,25,25,25,4,1,74,25,25,25,25,1,1,1
25,25,25,25,4,1,75,25,25,25,25,1,1,1
25,25,25,25,4,1,76,25,25,25,25,1,1,1
25,25,25,25,4,1,77,25,25,25,25,1,1,1
25,25,25,25,4,1,78,25,25,25,25,1,1,1
25,25,25,25,4,1,79,25,25,25,25,1,1,3
25,25,25,25,4,1,80,25,25,25,25,1,1,1
25,25,25,25,4,1,81,25,25,25,25,1,1,1
25,25,25,25,4,1,82,25,25,25,25,1,1,1
25,25,25,25,4,1,83,25,25,25,25,1,1,1
25,25,25,25,4,1,84,25,25,25,25,1,1,1
25,25,25,25,4,1,85,25,25,25,25,1,1,1
25,25,25,25,4,1,86,25,25,25,25,1,1,1
25,25,25,25,4,1,87,25,25,25,25,1,1,3
25,25,25,25,4,1,88,25,25,25,25,1,1,1
25,25,25,25,4,1,89,25,25,25,25,1,1,1
25,25,25,25,4,1,90,25,25,25,25,1,1,1
25,25,25,25,4,1,91,25,25,25,25,1,1,1
25,25,25,25,4,1,92,25,25,25,25,1,1,1
25,25,25,25,4,1,93,25,25,25,25,1,1,1
25,25,25,25,4,1,94,25,25,25,25,1,1,1
25,25,25,25,4,1,95,25,25,25,25,1,1,1
25,25,25,25,4,1,96,25,25,25,25,1,1,1
25,25,25,25,4,1,97,25,25,25,25,1,1,1
25,25,25,25,4,1,98,25,25,25,25,1,1,1
25,25,25,25,4,1,99,25,25,25,25,1,1,1
25,25,25,25,4,1,100,25,25,25,25,1,1,1
